recv_buf,delay_ms,read_size,send_rate_mbps,receiver_capacity_kbps,oversubscription_ratio,net_delay_ms,net_jitter_ms,net_loss_pct,congestion_algo,duration_actual,bytes_transferred,actual_throughput_kbps,zero_window_count,zero_window_duration_ms,zero_window_pct,window_min,window_max,window_mean,window_oscillations,rtt_min_us,rtt_max_us,rtt_mean_us,rtt_stddev_us,rtt_p50_us,rtt_p95_us,rtt_p99_us,rtt_samples,total_packets,retransmit_count,dup_ack_count,fast_retransmit_count,out_of_order_count,zero_window_probe_count,window_full_count,ecn_ece_count,ecn_cwr_count,ecn_ce_count,sender_stall_ms,sender_stall_interval_ms,sender_stall_pattern,inter_packet_gap_max_ms,inter_packet_gap_mean_ms,inter_packet_gap_p95_ms,idle_periods_count,timestamp,success,error
262144,1,16384,5.0,16000.0,0.32,40,15,1.0,cubic,15.023275051033124,2763736,179.6519685842001,0,0.0,0.0,64240,313344,175929.50670876086,1236,2264.0,177748.0,48112.68904593639,16977.299181152062,46263.0,72296.0,110149.0,566,3801,130,1216,98,0,0,0,0,0,0,0,0,periodic,97.28097915649414,7.244370242874489,34.368038177490234,26,2025-12-29T11:08:57.836310,True,
262144,1,16384,5.0,16000.0,0.32,40,15,1.0,bbr,15.003505874890834,6639040,432.1281675138594,0,0.0,0.0,64240,313344,176746.2575415152,3648,437.0,192067.0,57704.86513157895,31086.25876451097,49109.0,142151.0,165623.0,912,10177,753,3941,462,0,0,0,0,0,0,0,0,periodic,66.58816337585449,2.7899352844403427,11.951923370361328,2,2025-12-29T11:09:16.292257,True,
262144,1,16384,5.0,16000.0,0.32,40,15,1.25,cubic,15.007272945949808,2854960,185.77971394546026,0,0.0,0.0,64240,313344,180042.24384368307,1269,9356.0,153041.0,46937.37662337662,13966.968269478612,45626.0,68927.0,95431.0,616,3736,79,1173,62,0,0,0,0,0,0,0,0,periodic,74.02205467224121,7.254486272591365,33.792972564697266,16,2025-12-29T11:09:35.267598,True,
262144,1,16384,5.0,16000.0,0.32,40,15,1.25,bbr,15.08120695501566,7832968,507.2129064548108,0,0.0,0.0,64240,313344,166494.90572802798,5004,744.0,194831.0,73374.30833333333,42814.685664967,54207.0,166565.0,184396.0,600,11435,763,4612,632,0,0,2,0,0,0,0,0,periodic,106.01496696472168,2.412670902219259,8.884191513061523,5,2025-12-29T11:09:53.663416,True,
262144,1,16384,5.0,16000.0,0.32,40,15,1.5,cubic,15.044662808068097,3264744,211.91744894343725,0,0.0,0.0,64240,313344,179251.1444294699,1368,10095.0,191471.0,49854.555066079294,19746.206212408102,47641.0,78310.0,146386.0,681,4452,110,1441,67,0,0,0,0,0,0,0,0,periodic,89.54286575317383,6.32601183523688,31.434059143066406,21,2025-12-29T11:10:12.849323,True,
262144,1,16384,5.0,16000.0,0.32,40,15,1.5,bbr,15.084318442037329,7126560,461.37525382684953,0,0.0,0.0,64240,313344,170867.54600078802,4553,233.0,311118.0,91292.97227356747,55825.03354460401,58141.0,189490.0,205376.0,541,10152,607,4131,493,0,0,0,0,0,0,0,0,periodic,92.36717224121094,2.687033574017108,8.350133895874023,1,2025-12-29T11:10:31.322764,True,
262144,1,16384,5.0,16000.0,0.32,40,15,1.75,cubic,15.001474090851843,1845704,120.15121324638105,0,0.0,0.0,64240,313344,179663.87529880478,899,2286.0,142599.0,46532.3044397463,16078.498181879266,44902.0,73784.0,107083.0,473,2510,76,728,31,0,0,0,0,0,0,0,0,periodic,113.11793327331543,11.043260263842205,44.502973556518555,47,2025-12-29T11:10:50.335776,True,
262144,1,16384,5.0,16000.0,0.32,40,15,1.75,bbr,15.074912491953,7843776,508.124840133492,0,0.0,0.0,64240,313344,168005.07376242056,5025,6499.0,250738.00000000003,89113.98870056497,52656.44065190822,59334.0,192201.0,206813.0,531,11171,621,4533,533,0,0,0,0,0,0,0,0,periodic,155.52091598510742,2.467370336239872,7.481098175048828,3,2025-12-29T11:11:08.600481,True,
262144,1,16384,5.0,16000.0,0.32,40,15,2.0,cubic,15.005632355809212,2448072,159.3198644224065,0,0.0,0.0,64240,313344,181282.38446438586,1237,4373.0,153157.0,47914.69601328904,15936.157669111088,46957.0,73823.0,102092.0,602,3566,154,1130,100,0,0,0,0,0,0,0,0,periodic,92.17500686645508,7.918610856920816,35.69602966308594,23,2025-12-29T11:11:27.746621,True,
262144,1,16384,5.0,16000.0,0.32,40,15,2.0,bbr,15.049495198065415,6098480,395.7306737946649,0,0.0,0.0,64240,313344,170963.90776140027,4049,3406.0,234251.0,98481.23980815348,55070.29982251788,72417.0,192379.0,207512.0,417,8684,464,3553,379,0,0,0,0,0,0,0,0,periodic,83.79483222961426,3.189660888440194,7.300853729248047,2,2025-12-29T11:11:46.146103,True,
262144,1,16384,10.0,16000.0,0.64,40,15,1.0,cubic,15.034443458076566,2983832,193.81485225079226,0,0.0,0.0,64240,313344,181653.1351791531,1363,1649.0,178810.0,47539.16959064327,16977.198015646372,46248.0,70098.0,114584.0,684,4298,158,1401,83,0,0,0,0,0,0,0,0,periodic,92.90909767150879,6.6382120039674755,31.22711181640625,29,2025-12-29T11:12:05.034791,True,
262144,1,16384,10.0,16000.0,0.64,40,15,1.0,bbr,15.108767488971353,7442680,481.0612244053299,0,0.0,0.0,64240,313344,171051.34565175656,4703,3453.0,220670.0,68917.68285714286,43567.57928948009,51309.0,174077.0,202578.0,700,10418,426,4060,348,0,0,0,0,0,0,0,0,periodic,51.89085006713867,2.6691389301902513,8.06283950805664,1,2025-12-29T11:12:23.455810,True,
262144,1,16384,10.0,16000.0,0.64,40,15,1.25,cubic,15.01269798912108,2963560,192.77691222438528,0,0.0,0.0,64240,313344,181475.92349857008,1299,180.0,175683.0,46742.4024577573,13829.44488738891,46275.0,66663.0,84779.0,651,4196,147,1380,72,0,0,0,0,0,0,0,0,periodic,106.62317276000977,6.628333379144538,30.7161808013916,27,2025-12-29T11:12:42.502876,True,
262144,1,16384,10.0,16000.0,0.64,40,15,1.25,bbr,15.001169597962871,7657976,498.52727406772095,0,0.0,0.0,64240,311904,168331.32159624412,4813,897.0,231791.0,81678.81225296443,51059.55016335067,56355.0,187695.0,217928.0,506,10650,545,4326,455,0,0,0,0,0,0,0,0,periodic,139.45388793945312,2.543754629812438,8.187055587768555,3,2025-12-29T11:13:00.952870,True,
262144,1,16384,10.0,16000.0,0.64,40,15,1.5,cubic,15.113897846080363,2497760,161.3891250848031,0,0.0,0.0,64240,313344,180110.36230146838,1115,4382.0,220243.0,48966.55263157895,18595.973578100322,46703.0,73544.0,126376.99999999999,570,3337,88,1027,68,0,0,0,0,0,0,0,0,periodic,80.62601089477539,8.116470021909265,37.187814712524414,29,2025-12-29T11:13:19.962735,True,
262144,1,16384,10.0,16000.0,0.64,40,15,1.5,bbr,15.01164346607402,5354664,348.3405447456699,0,0.0,0.0,64240,313344,177137.6138876094,3031,318.0,192545.0,59858.45705521473,34236.61157706514,50970.0,150205.0,178553.0,652,8684,814,3487,486,0,0,0,0,0,0,0,0,periodic,97.92685508728027,3.2893687928356914,16.325950622558594,11,2025-12-29T11:13:38.353421,True,
262144,1,16384,10.0,16000.0,0.64,40,15,1.75,cubic,15.083752798149362,2649800,171.55513930309746,0,0.0,0.0,64240,313344,178998.09728381375,1163,487.0,158568.0,49959.563506261184,18819.5966880744,46979.0,81732.0,128843.00000000001,559,3608,137,1164,99,0,0,0,0,0,0,0,0,periodic,93.87397766113281,7.482668492182387,36.29899024963379,28,2025-12-29T11:13:57.183082,True,
262144,1,16384,10.0,16000.0,0.64,40,15,1.75,bbr,15.021200199145824,5297736,344.41790562076346,0,0.0,0.0,64240,313344,177921.99638157894,3441,116.0,216697.0,59066.27116212338,36853.20410937605,50040.0,147070.0,182141.0,697,9120,1130,3715,630,0,0,0,0,0,0,0,0,periodic,56.4570426940918,3.1139905574635507,13.921022415161133,2,2025-12-29T11:14:15.643423,True,
262144,1,16384,10.0,16000.0,0.64,40,15,2.0,cubic,15.092126063071191,1961544,126.92514656282884,0,0.0,0.0,64240,313344,180257.4008233533,992,3887.0,264638.0,47667.29494949495,18791.584679358195,45611.0,70669.0,108294.0,495,2672,76,785,31,0,0,0,0,0,0,0,0,periodic,89.58792686462402,10.413906545564796,41.91398620605469,39,2025-12-29T11:14:34.465386,True,
262144,1,16384,10.0,16000.0,0.64,40,15,2.0,bbr,15.040355901932344,7214416,468.4282852704859,0,0.0,0.0,64240,313344,166129.97130659255,4696,436.0,289551.0,98260.40384615384,61317.01973543681,62828.99999999999,207660.0,228032.0,416,10072,604,4150,516,0,0,0,0,0,0,0,0,periodic,70.31106948852539,2.6536132558921857,7.6770782470703125,1,2025-12-29T11:14:52.808831,True,
262144,1,16384,5.0,16000.0,0.32,40,15,1.0,cubic,15.107736034085974,3938520,254.585526833551,0,0.0,0.0,64240,313344,180220.28826237054,1535,114.0,150764.0,48434.47530040053,13694.543387855614,48091.0,67280.0,82808.0,749,5214,95,1749,60,0,0,0,0,0,0,0,0,periodic,103.04403305053711,5.358562698864728,27.198076248168945,7,2025-12-29T11:15:11.783032,True,
262144,1,16384,5.0,16000.0,0.32,40,15,1.0,bbr,15.070930984104052,6036216,391.13324808649406,0,0.0,0.0,64240,313344,178902.2363422962,3398,48.0,254956.00000000003,59730.87200956938,33045.35326495796,50476.0,141263.0,179275.0,836,9372,741,3677,491,0,0,0,0,0,0,0,0,periodic,82.32808113098145,3.0370559824783494,12.333869934082031,3,2025-12-29T11:15:30.389175,True,
262144,1,16384,5.0,16000.0,0.32,40,15,1.25,cubic,15.013304246822372,3316872,215.75082734938752,0,0.0,0.0,64240,313344,180730.7748013621,1392,1383.0,189511.0,47404.99859550562,15480.965903482034,47077.0,66818.0,81601.0,712,4405,86,1407,53,0,0,0,0,0,0,0,0,periodic,93.62101554870605,6.129072734877332,29.039859771728516,15,2025-12-29T11:15:49.318081,True,
262144,1,16384,5.0,16000.0,0.32,40,15,1.25,bbr,15.002887326991186,6290072,409.4310850718028,0,0.0,0.0,64240,313344,177024.42168427532,2826,64.0,173971.0,57158.89156626506,27462.898285820425,50353.0,125204.00000000001,153813.0,747,9749,751,3903,468,0,0,0,0,0,0,0,0,periodic,91.71104431152344,2.9292588844136107,15.154123306274414,3,2025-12-29T11:16:07.802344,True,
262144,1,16384,5.0,16000.0,0.32,40,15,1.5,cubic,15.001184328226373,2398840,156.16214935057553,0,0.0,0.0,64240,313344,180362.59873217114,1123,12752.0,192019.0,47875.41711229947,16548.814571953208,46507.0,70104.0,111942.0,561,3155,60,953,35,0,0,0,0,0,0,0,0,periodic,88.0439281463623,8.542571769462333,37.89496421813965,38,2025-12-29T11:16:26.682474,True,
262144,1,16384,5.0,16000.0,0.32,40,15,1.5,bbr,15.017777043860406,7537480,490.1404709233757,0,0.0,0.0,64240,313344,166896.66930379748,4550,793.0,217335.0,76866.27714748784,49343.29356337797,52714.0,180750.0,202458.0,617,10744,672,4314,573,0,0,3,0,0,0,0,0,periodic,62.2258186340332,2.533403219026836,9.320974349975586,2,2025-12-29T11:16:45.088883,True,
262144,1,16384,5.0,16000.0,0.32,40,15,1.75,cubic,15.009787597926334,3489784,227.0513266937121,0,0.0,0.0,64240,313344,175375.0387758981,1433,7.0,189984.0,51656.63018242123,23164.767695624676,47850.0,92928.0,155559.0,603,5261,378,1904,252,0,0,1,0,0,0,0,0,periodic,90.76809883117676,5.314031007478563,31.078815460205078,30,2025-12-29T11:17:04.118235,True,
262144,1,16384,5.0,16000.0,0.32,40,15,1.75,bbr,15.000504299998283,7002488,455.875819288341,0,0.0,0.0,64240,313344,169712.6187254902,4595,280.0,218419.0,86844.50290135396,51819.57352756593,58975.0,182198.0,204434.0,517,10200,752,4194,584,0,0,0,0,0,0,0,0,periodic,77.82292366027832,2.6411419543439347,8.913040161132812,1,2025-12-29T11:17:22.640024,True,
262144,1,16384,5.0,16000.0,0.32,40,15,2.0,cubic,15.074293953832239,2560024,165.84680152561543,0,0.0,0.0,64240,313344,179796.67284654878,1183,1377.0,203482.0,49040.25858951175,18477.768280540102,46518.0,72402.0,134341.0,553,3506,110,1126,56,0,0,0,0,0,0,0,0,periodic,91.76111221313477,7.937678889332754,36.81516647338867,38,2025-12-29T11:17:41.602358,True,
262144,1,16384,5.0,16000.0,0.32,40,15,2.0,bbr,15.0235843451228,5768792,374.9828142262779,0,0.0,0.0,64240,313344,179838.46980486452,2774,224.0,189963.0,53743.843546284224,25386.27564328411,50584.0,103151.0,152848.0,767,10813,1567,4507,978,1,0,0,0,0,0,0,0,periodic,1047.529935836792,2.8655376096953447,15.815973281860352,3,2025-12-29T11:18:00.005965,True,
262144,1,16384,10.0,16000.0,0.64,40,15,1.0,cubic,15.032694444991648,3437056,223.2799989570908,0,0.0,0.0,64240,313344,177479.7606890826,1535,42.0,180081.0,49443.715160796324,18088.458651935685,47183.0,69642.0,145073.0,653,4818,190,1620,138,0,0,0,0,0,0,0,0,periodic,128.26299667358398,5.791772116398552,30.827999114990234,16,2025-12-29T11:18:20.011065,True,
262144,1,16384,10.0,16000.0,0.64,40,15,1.0,bbr,15.069643857888877,8262248,535.4208525821352,0,0.0,0.0,64240,313344,171728.97051426588,5002,143.0,194093.0,61759.628387096775,33804.540299463224,51012.0,155698.0,178701.0,775,11531,513,4547,440,0,0,0,0,0,0,0,0,periodic,86.68208122253418,2.4096280336380005,8.18490982055664,6,2025-12-29T11:18:38.541065,True,
262144,1,16384,10.0,16000.0,0.64,40,15,1.25,cubic,15.034314661985263,2191776,142.36806253710284,0,0.0,0.0,64240,313344,180574.02971311475,1024,941.0,112476.0,46637.62884615385,14221.35019307829,46369.0,69777.0,89647.0,520,2928,77,889,36,0,0,0,0,0,0,0,0,periodic,101.97687149047852,9.357674586950612,39.369821548461914,33,2025-12-29T11:18:57.653437,True,
262144,1,16384,10.0,16000.0,0.64,40,15,1.25,bbr,15.06895492086187,7103848,460.3737683822879,0,0.0,0.0,64240,313344,171174.9051978736,4687,1126.0,413109.0,78504.91482112436,55024.48562849988,53068.0,179642.0,307399.0,587,10158,556,4055,449,0,0,0,0,0,0,0,0,periodic,62.760114669799805,2.7265640686541306,7.522821426391602,4,2025-12-29T11:19:15.994109,True,
262144,1,16384,10.0,16000.0,0.64,40,15,1.5,cubic,15.033983157016337,2841928,184.60312769505546,0,0.0,0.0,64240,313344,180488.09501894965,1223,7236.0,137950.0,46502.328290468984,13590.496749782222,45291.0,65984.0,82930.0,661,3694,66,1115,36,0,0,0,0,0,0,0,0,periodic,130.66482543945312,7.324576990454929,33.42890739440918,16,2025-12-29T11:19:34.958467,True,
262144,1,16384,10.0,16000.0,0.64,40,15,1.5,bbr,15.009574642870575,6582768,428.29224198258527,0,0.0,0.0,64240,313344,173128.9946063588,3127,232.0,180871.0,56381.503566333806,26660.05373925195,51413.0,118826.0,155446.0,701,10568,1036,4257,734,0,0,2,0,0,0,0,0,periodic,107.84411430358887,2.6712075255747894,15.552043914794922,8,2025-12-29T11:19:53.430807,True,
262144,1,16384,10.0,16000.0,0.64,40,15,1.75,cubic,15.00716360588558,2458648,159.99182127649726,0,0.0,0.0,64240,313344,175526.27149195786,1153,628.0,202208.0,50095.15132924335,22570.037776954938,47086.0,84182.0,146650.0,489,3606,251,1203,193,0,0,1,0,0,0,0,0,periodic,92.31686592102051,7.589318289244471,40.656089782714844,48,2025-12-29T11:20:12.455849,True,
262144,1,16384,10.0,16000.0,0.64,40,15,1.75,bbr,15.017488864948973,7346656,477.7409069198852,0,0.0,0.0,64240,313344,165263.39072660447,4740,887.0,239115.0,109975.1355140187,54738.48558082851,116894.0,190931.0,215304.0,428,10611,825,4372,690,0,0,0,0,0,0,0,0,periodic,66.24698638916016,2.4858823192509543,9.727001190185547,2,2025-12-29T11:20:30.839867,True,
262144,1,16384,10.0,16000.0,0.64,40,15,2.0,cubic,15.001627993071452,2280104,148.42816149876478,0,0.0,0.0,64240,313344,177729.44049118386,1090,12102.0,178933.0,47169.1127348643,17510.66379968086,46244.0,72538.0,116933.0,479,3176,134,1020,111,0,0,0,0,0,0,0,0,periodic,95.9320068359375,8.485039356038483,40.306806564331055,37,2025-12-29T11:20:49.806489,True,
262144,1,16384,10.0,16000.0,0.64,40,15,2.0,bbr,15.008572210092098,6525640,424.6037013577386,0,0.0,0.0,64240,313344,171532.0210879204,4122,940.0,266923.0,78054.39223300971,46693.75258706123,54741.0,168371.0,186910.0,515,9247,534,3738,440,0,0,0,0,0,0,0,0,periodic,96.76599502563477,2.9385208941245997,10.046958923339844,2,2025-12-29T11:21:08.045998,True,
262144,1,16384,5.0,16000.0,0.32,40,15,1.0,cubic,15.029780567856506,3321216,215.79656371939691,0,0.0,0.0,64240,313344,173825.67729083664,1352,410.0,178101.0,51029.07202680067,21544.58515180372,48021.0,80636.0,161845.0,597,4769,260,1622,224,0,0,0,0,0,0,0,0,periodic,92.33713150024414,5.843646876461856,30.990123748779297,41,2025-12-29T11:21:26.922486,True,
262144,1,16384,5.0,16000.0,0.32,40,15,1.0,bbr,15.093290477991104,6751528,436.83576302425723,0,0.0,0.0,64240,313344,175785.84904263198,4208,1451.0,185739.0,61439.81926121372,30950.21351319225,51134.0,143156.0,166687.0,758,9453,434,3664,359,0,0,0,0,0,0,0,0,periodic,55.58300018310547,2.917361259460449,9.558916091918945,1,2025-12-29T11:21:45.420937,True,
262144,1,16384,5.0,16000.0,0.32,40,15,1.25,cubic,15.056932725012302,3263752,211.680417964901,0,0.0,0.0,0,313344,180218.15468549423,1402,467.0,148304.0,47215.1129476584,13789.191469850633,46887.0,65917.0,92433.0,726,4674,155,1522,85,0,0,0,0,0,0,0,0,periodic,84.9308967590332,6.174893559993553,31.249046325683594,18,2025-12-29T11:22:04.350830,True,
262144,1,16384,5.0,16000.0,0.32,40,15,1.25,bbr,15.00243286904879,6645824,432.60066928141464,0,0.0,0.0,64240,313344,170986.07881613183,4258,4084.0,314991.0,82810.0705244123,51089.588442134744,55358.0,175946.0,210059.0,553,9224,489,3678,395,0,0,0,0,0,0,0,0,periodic,100.03805160522461,2.8961981401553625,8.96596908569336,2,2025-12-29T11:22:22.898968,True,
262144,1,16384,5.0,16000.0,0.32,40,15,1.5,cubic,15.012017265893519,2009328,130.7109058193058,0,0.0,0.0,64240,313344,179546.7209079284,1035,6612.0,166049.0,47871.51047619047,17291.505929140738,46761.0,76270.0,105835.0,525,3128,216,991,121,0,0,0,0,0,0,0,0,periodic,96.8780517578125,9.248255953347837,41.72396659851074,46,2025-12-29T11:22:41.775415,True,
262144,1,16384,5.0,16000.0,0.32,40,15,1.5,bbr,15.036449141101912,4689576,304.5708477795835,0,0.0,0.0,64240,313344,181070.87581338923,3263,26.0,252240.00000000003,56354.55972222222,34431.00823997801,49523.0,137306.0,179039.0,720,9067,1440,3713,770,0,0,0,0,0,0,0,0,periodic,59.970855712890625,3.1858539986686423,14.23788070678711,3,2025-12-29T11:23:00.101911,True,
262144,1,16384,5.0,16000.0,0.32,40,15,1.75,cubic,15.020490365102887,2453864,159.5388368989234,0,0.0,0.0,64240,313344,180239.81120689656,1152,3.0,142873.0,47970.321180555555,15540.096063377337,47065.0,71157.0,101581.0,576,3480,105,1102,51,0,0,0,0,0,0,0,0,periodic,77.25906372070312,8.229094473538277,38.48099708557129,31,2025-12-29T11:23:18.923140,True,
262144,1,16384,5.0,16000.0,0.32,40,15,1.75,bbr,15.000151382060722,7073728,460.5245189899535,0,0.0,0.0,64240,313344,167132.24935859483,4332,1965.9999999999998,220113.0,83156.89981096408,52280.08380163188,55388.0,186689.0,205129.0,529,10134,642,4127,557,0,0,3,0,0,0,0,0,periodic,84.3360424041748,2.6973804646390507,9.32002067565918,1,2025-12-29T11:23:37.222785,True,
262144,1,16384,5.0,16000.0,0.32,40,15,2.0,cubic,15.028577796183527,1795024,116.64131821210377,0,0.0,0.0,64240,313344,180652.0167903163,905,7454.0,179150.0,48415.68421052631,19503.154052216465,45706.0,82019.0,129062.00000000001,475,2561,121,761,78,0,0,0,0,0,0,0,0,periodic,129.98390197753906,10.650646624604065,46.631813049316406,56,2025-12-29T11:23:56.197554,True,
262144,1,16384,5.0,16000.0,0.32,40,15,2.0,bbr,15.02801689482294,6790920,441.29294363413976,0,0.0,0.0,64240,313344,168870.92925373133,4510,100.0,312286.0,86688.85082872928,52563.0959201308,58122.0,179692.0,215103.0,543,10050,734,4070,588,0,0,1,0,0,0,0,0,periodic,88.47403526306152,2.740189866477139,7.194995880126953,4,2025-12-29T11:24:14.470092,True,
262144,1,16384,10.0,16000.0,0.64,40,15,1.0,cubic,15.0784093469847,2545544,164.86373033751823,0,0.0,0.0,64240,313344,183300.41686876852,1328,6103.0,141776.0,46519.76978417266,14468.538974391142,46212.0,67468.0,93502.0,695,3711,121,1127,37,0,0,0,0,0,0,0,0,periodic,75.06990432739258,7.878798034843174,33.3249568939209,14,2025-12-29T11:24:33.409211,True,
262144,1,16384,10.0,16000.0,0.64,40,15,1.0,bbr,15.091483216965571,5435752,351.7448541129773,0,0.0,0.0,64240,313344,178948.4422364848,3322,290.0,268321.0,50463.27027027027,21501.858327355258,48089.0,74615.0,151974.0,740,8102,510,3135,345,0,0,0,0,0,0,0,0,periodic,97.55802154541016,3.5043045616373507,13.673067092895508,3,2025-12-29T11:24:51.841236,True,
262144,1,16384,10.0,16000.0,0.64,40,15,1.25,cubic,15.007650915998966,2471240,160.80599995348175,0,0.0,0.0,64240,313344,179511.49796747966,1127,870.0,190981.0,50052.960854092526,18188.559674826673,48276.0,75624.0,122337.0,562,3444,132,1095,73,0,0,0,0,0,0,0,0,periodic,90.4991626739502,8.041708003062519,38.83099555969238,40,2025-12-29T11:25:10.679421,True,
262144,1,16384,10.0,16000.0,0.64,40,15,1.25,bbr,15.051964313024655,7967848,516.9492433467249,0,0.0,0.0,64240,313344,169539.62390932805,4999,930.0,219047.0,70815.6252285192,42580.036982958925,53071.0,166676.0,203091.0,547,11117,521,4519,451,0,0,0,0,0,0,0,0,periodic,97.43499755859375,2.474072692700464,7.668018341064453,2,2025-12-29T11:25:28.964728,True,
262144,1,16384,10.0,16000.0,0.64,40,15,1.5,cubic,15.00126107595861,2766632,180.1041291675107,0,0.0,0.0,64240,313344,180419.6115723923,1248,2605.0,162704.0,48086.06194690266,16561.843106421107,46520.0,70448.0,119638.0,678,3854,112,1179,74,0,0,0,0,0,0,0,0,periodic,80.4898738861084,7.34951077185402,33.94317626953125,25,2025-12-29T11:25:48.057937,True,
262144,1,16384,10.0,16000.0,0.64,40,15,1.5,bbr,15.004173641093075,8525328,554.8799836732278,0,0.0,0.0,64240,313344,167364.82303323867,5321,1493.0,222275.0,78044.77258064516,49120.211687361276,54305.0,187498.0,203838.0,620,11974,661,4836,534,0,0,0,0,0,0,0,0,periodic,62.355995178222656,2.2645556386273027,7.380962371826172,2,2025-12-29T11:26:06.399086,True,
262144,1,16384,10.0,16000.0,0.64,40,15,1.75,cubic,15.022027540020645,2394496,155.66307502567568,0,0.0,0.0,64240,313344,179598.59432538485,1138,9055.0,181078.0,49277.95993031359,19469.075839084173,46232.0,70498.0,141987.0,574,3313,124,1004,86,0,0,0,0,0,0,0,0,periodic,156.4619541168213,8.400027364747137,37.11199760437012,35,2025-12-29T11:26:25.498409,True,
262144,1,16384,10.0,16000.0,0.64,40,15,1.75,bbr,15.001075451029465,6628824,431.53312298390927,0,0.0,0.0,64240,313344,171143.55521825605,4312,356.0,240615.0,78624.31746031746,47588.75798422596,55228.0,174646.0,204600.0,567,9553,571,3865,468,0,0,0,0,0,0,0,0,periodic,92.8339958190918,2.9040585667022123,8.3770751953125,3,2025-12-29T11:26:43.898228,True,
262144,1,16384,10.0,16000.0,0.64,40,15,2.0,cubic,15.073645713040605,1678192,108.72349040167369,0,0.0,0.0,64240,313344,178709.2165082109,914,8551.0,218311.0,48106.975877192985,19712.195264737,45779.0,73626.0,128230.00000000001,456,2314,90,640,50,0,0,0,0,0,0,0,0,periodic,89.59603309631348,11.90670761422695,45.85409164428711,43,2025-12-29T11:27:02.799726,True,
262144,1,16384,10.0,16000.0,0.64,40,15,2.0,bbr,15.01335468608886,5748520,373.91969881998784,0,0.0,0.0,64240,313344,171278.75935633306,3815,209.0,497859.0,97693.56064073226,56903.80398439036,73300.0,184527.0,217215.0,437,8203,498,3336,402,0,0,0,0,0,0,0,0,periodic,90.70396423339844,3.3116958739645788,9.047985076904297,5,2025-12-29T11:27:21.108372,True,
262144,1,16384,5.0,16000.0,0.32,40,15,1.0,cubic,15.017923006089404,3644120,236.9642550475874,0,0.0,0.0,64240,313344,177120.25058411216,1518,10423.0,179473.0,48094.0,15335.726325774667,47497.0,68112.0,116364.0,722,5136,198,1700,164,0,0,0,0,0,0,0,0,periodic,95.86501121520996,5.479937491406482,28.573036193847656,15,2025-12-29T11:27:39.872547,True,
262144,1,16384,5.0,16000.0,0.32,40,15,1.0,bbr,15.030145910102874,6951352,451.65427721742833,0,0.0,0.0,64240,313344,171160.83285975238,4292,532.0,236447.0,83035.51102941176,53297.84894152855,55219.0,186024.0,216627.0,544,9854,566,4003,426,0,0,0,0,0,0,0,0,periodic,94.23017501831055,2.770149182692352,9.721994400024414,4,2025-12-29T11:27:58.348590,True,
262144,1,16384,5.0,16000.0,0.32,40,15,1.25,cubic,15.056939149973914,3300944,214.09252523980513,0,0.0,0.0,64240,313344,178275.11487224285,1475,6892.0,218160.0,46490.64263803681,16043.921080605493,45526.0,67745.0,84400.0,652,4579,166,1531,114,0,0,0,0,0,0,0,0,periodic,89.9348258972168,5.934963939898563,29.89482879638672,11,2025-12-29T11:28:17.355016,True,
262144,1,16384,5.0,16000.0,0.32,40,15,1.25,bbr,15.070197041146457,7593064,492.0374658841156,0,0.0,0.0,64240,313344,169218.6360591683,4666,933.0,216762.0,74339.66863033874,46782.524375929635,52541.0,175686.0,198609.0,679,10749,594,4282,472,0,0,0,0,0,0,0,0,periodic,90.92497825622559,2.541120188436285,9.007930755615234,1,2025-12-29T11:28:35.846690,True,
262144,1,16384,5.0,16000.0,0.32,40,15,1.5,cubic,15.03473245096393,1971680,128.06804220028215,0,0.0,0.0,64240,313344,179064.2433920705,905,449.0,191372.0,49743.163636363635,21127.241302308033,46526.0,86934.0,133182.0,495,2724,77,804,48,0,0,0,0,0,0,0,0,periodic,90.51513671875,10.140278818197626,43.57099533081055,49,2025-12-29T11:28:54.919756,True,
262144,1,16384,5.0,16000.0,0.32,40,15,1.5,bbr,15.015546391019598,8306680,540.2395608029002,0,0.0,0.0,64240,311904,165389.24196058093,5165,3525.0,233031.0,95794.84777517564,56050.122764190346,62867.99999999999,188804.0,212196.0,427,11568,708,4761,597,0,0,0,0,0,0,0,0,periodic,71.00605964660645,2.281871149256851,7.476091384887695,2,2025-12-29T11:29:13.197501,True,
262144,1,16384,5.0,16000.0,0.32,40,15,1.75,cubic,15.026505751069635,1761720,114.49299764035523,0,0.0,0.0,64240,313344,180827.74102154828,955,12.0,180395.0,46951.49900990099,18350.993672194694,44907.0,75054.0,115687.0,505,2506,99,704,50,0,0,0,0,0,0,0,0,periodic,108.35909843444824,11.140298807232375,45.36581039428711,48,2025-12-29T11:29:32.253081,True,
262144,1,16384,5.0,16000.0,0.32,40,15,1.75,bbr,15.055240096990019,6298760,408.5708878020345,0,0.0,0.0,64240,313344,174073.43708464975,4039,13274.0,207419.0,71064.8031358885,40810.123195620625,53098.0,160224.0,178710.0,574,9179,527,3695,440,0,0,0,0,0,0,0,0,periodic,62.1490478515625,3.0497376304391524,10.24484634399414,4,2025-12-29T11:29:50.527428,True,
262144,1,16384,5.0,16000.0,0.32,40,15,2.0,cubic,15.145055514993146,1691224,109.05116431332853,0,0.0,0.0,64240,313344,177375.5181442352,800,15747.0,157377.0,49168.42477876106,18444.383118337766,46866.0,82255.0,119219.0,452,2177,57,572,32,0,0,0,0,0,0,0,0,periodic,99.50399398803711,12.459783959896006,52.722930908203125,64,2025-12-29T11:30:09.376533,True,
262144,1,16384,5.0,16000.0,0.32,40,15,2.0,bbr,15.00062392395921,7497248,488.08178160549346,0,0.0,0.0,64240,313344,167394.19229354424,4830,72.0,238649.0,99382.64163090129,55453.11156587371,74709.0,185077.0,217708.0,466,10874,705,4473,573,0,0,0,0,0,0,0,0,periodic,70.95694541931152,2.5252855581235942,7.435083389282227,2,2025-12-29T11:30:27.680495,True,
262144,1,16384,10.0,16000.0,0.64,40,15,1.0,cubic,15.016335722059011,2985280,194.1427358817906,0,0.0,0.0,64240,313344,181515.8694134078,1418,213.0,183690.0,47275.548158640224,19479.9074374536,45261.0,68678.0,155301.0,706,4296,195,1379,84,0,0,0,0,0,0,0,0,periodic,108.18099975585938,6.470041646087319,30.28392791748047,9,2025-12-29T11:30:46.616629,True,
262144,1,16384,10.0,16000.0,0.64,40,15,1.0,bbr,15.005335999885574,7091808,461.54206410658264,0,0.0,0.0,64240,313344,172467.49630286897,4332,117.0,281681.0,76562.15419161676,50581.56538193242,53181.0,185757.0,225716.0,668,10143,612,4011,470,0,0,0,0,0,0,0,0,periodic,72.2041130065918,2.698856397108598,9.391069412231445,1,2025-12-29T11:31:05.026915,True,
262144,1,16384,10.0,16000.0,0.64,40,15,1.25,cubic,15.003841521218419,3473256,226.06554179496274,0,0.0,0.0,64240,313344,181273.23308759756,1439,3511.0,178559.0,47070.58758620689,14375.537209928983,46234.0,66794.0,85584.0,725,4612,98,1501,50,0,0,0,0,0,0,0,0,periodic,96.62795066833496,5.949716473139523,27.505874633789062,10,2025-12-29T11:31:24.000253,True,
262144,1,16384,10.0,16000.0,0.64,40,15,1.25,bbr,15.02434211387299,5955128,387.0754967786646,0,0.0,0.0,64240,313344,179000.19809589355,3668,4.0,188685.0,58043.02730819246,30922.81392009103,49190.0,142020.0,172336.0,769,8718,517,3416,324,0,0,0,0,0,0,0,0,periodic,84.84411239624023,3.1751961064484955,11.883974075317383,1,2025-12-29T11:31:42.407015,True,
262144,1,16384,10.0,16000.0,0.64,40,15,1.5,cubic,15.065174480900168,2102000,136.25692670220874,0,0.0,0.0,64240,313344,182696.9990266061,1071,1707.0,193746.0,48592.08793103448,17448.841348576283,47037.0,73253.0,115757.0,580,3082,139,931,65,0,0,0,0,0,0,0,0,periodic,120.2549934387207,9.315247082143314,39.819955825805664,31,2025-12-29T11:32:01.249702,True,
262144,1,16384,10.0,16000.0,0.64,40,15,1.5,bbr,15.032547730021179,6412696,416.5892934431532,0,0.0,0.0,64240,313344,174958.6810274253,3446,264.0,219342.0,68733.65,43344.14046104631,52458.0,166579.0,201381.0,680,9772,764,3955,478,0,0,0,0,0,0,0,0,periodic,95.84593772888184,2.872389211680468,14.417171478271484,2,2025-12-29T11:32:19.695649,True,
262144,1,16384,10.0,16000.0,0.64,40,15,1.75,cubic,15.004445832921192,2172952,141.4263119830842,0,0.0,0.0,64240,313344,179053.25839368007,1036,8630.0,192328.0,49008.65234375,22112.646532076902,47203.0,81338.0,147063.0,512,3038,113,932,57,0,0,0,0,0,0,0,0,periodic,88.95206451416016,9.242695253181221,43.087005615234375,52,2025-12-29T11:32:38.626803,True,
262144,1,16384,10.0,16000.0,0.64,40,15,1.75,bbr,15.012345436029136,8231880,535.4889645162838,0,0.0,0.0,64240,311904,164213.25552888736,5204,715.0,231303.0,104856.97747747747,56465.560225349356,92847.0,195787.0,209930.0,444,11666,725,4798,634,0,0,1,0,0,0,0,0,periodic,78.69100570678711,2.3259679260963066,6.854057312011719,1,2025-12-29T11:32:56.888897,True,
262144,1,16384,10.0,16000.0,0.64,40,15,2.0,cubic,15.020341731840745,2854960,185.61807213012887,0,0.0,0.0,64240,313344,174753.8686531585,1258,14.0,159501.0,49595.52443609023,19369.54908375643,47170.0,81593.0,128450.00000000001,532,4195,291,1431,176,0,0,0,0,0,0,0,0,periodic,120.24688720703125,6.496444258539612,35.2630615234375,37,2025-12-29T11:33:15.978292,True,
262144,1,16384,10.0,16000.0,0.64,40,15,2.0,bbr,15.011014980031177,6144816,399.7595687555257,0,0.0,0.0,64240,313344,177032.6400658617,3871,7.0,214712.0,69555.3611615245,38912.43444375611,53533.0,153403.0,183913.0,551,9110,552,3824,429,0,0,0,0,0,0,0,0,periodic,68.79782676696777,3.098193784404662,10.818004608154297,3,2025-12-29T11:33:34.402946,True,
262144,1,16384,5.0,16000.0,0.32,40,15,1.0,cubic,15.007082358002663,3005552,195.58161306650166,0,0.0,0.0,64240,313344,181790.20637666833,1329,11148.0,176844.0,49200.89208633093,16275.72289903574,47503.0,70520.0,119174.0,695,4046,79,1265,26,0,0,0,0,0,0,0,0,periodic,103.72805595397949,6.889725522407423,31.371116638183594,21,2025-12-29T11:33:53.169901,True,
262144,1,16384,5.0,16000.0,0.32,40,15,1.0,bbr,15.0413428558968,7638160,495.90922143468873,0,0.0,0.0,64240,313344,170893.30245879968,4525,337.0,213124.0,74191.59104477611,47833.65410764133,53085.0,172498.0,198341.0,670,11347,836,4652,625,0,0,0,0,0,0,0,0,periodic,93.36996078491211,2.416547918091626,9.685039520263672,2,2025-12-29T11:34:11.604144,True,
262144,1,16384,5.0,16000.0,0.32,40,15,1.25,cubic,15.00306118815206,3106912,202.23164539221025,0,0.0,0.0,64240,313344,181237.0083662561,1403,1991.0000000000002,226285.0,48255.93557833089,17467.695248124608,46655.0,70706.0,130590.00000000001,683,4303,84,1394,51,0,0,0,0,0,0,0,0,periodic,63.27509880065918,6.649452190814733,30.21693229675293,13,2025-12-29T11:34:30.658450,True,
262144,1,16384,5.0,16000.0,0.32,40,15,1.25,bbr,15.000741112977266,6764560,440.3792836131997,0,0.0,0.0,64240,313344,172170.03912771287,4322,559.0,221730.0,72369.09291338583,46169.32651473744,51736.0,168787.0,204413.0,635,9584,482,3809,386,0,0,0,0,0,0,0,0,periodic,123.70681762695312,2.9037238919080366,8.977890014648438,4,2025-12-29T11:34:49.053568,True,
262144,1,16384,5.0,16000.0,0.32,40,15,1.5,cubic,15.138938815100119,2378568,153.43349628859957,0,0.0,0.0,64240,313344,180254.61037792443,1100,19.0,169556.0,48612.79964850615,19393.48207246014,46094.0,74822.0,130710.0,569,3334,139,1037,80,0,0,0,0,0,0,0,0,periodic,82.27396011352539,8.2305763575207,37.88900375366211,33,2025-12-29T11:35:07.905907,True,
262144,1,16384,5.0,16000.0,0.32,40,15,1.5,bbr,15.00192713085562,7741752,503.95556661184804,0,0.0,0.0,64240,313344,168511.11948146133,4713,123.00000000000001,224886.0,76812.34710743802,45949.26187202193,55379.0,171258.0,186730.0,605,11031,651,4464,521,0,0,0,0,0,0,0,0,periodic,80.37805557250977,2.4811583118992404,8.414983749389648,2,2025-12-29T11:35:26.353282,True,
262144,1,16384,5.0,16000.0,0.32,40,15,1.75,cubic,15.007373944157735,2805728,182.5748302264868,0,0.0,0.0,64240,313344,178991.36433512683,1226,8088.0,239702.0,49532.30472854641,19616.351990718813,47145.0,72697.0,138013.0,571,3903,150,1305,100,0,0,0,0,0,0,0,0,periodic,97.76496887207031,6.969748996198177,34.35397148132324,26,2025-12-29T11:35:45.400678,True,
262144,1,16384,5.0,16000.0,0.32,40,15,1.75,bbr,15.195870106108487,7981336,512.9205095249421,0,0.0,0.0,64240,311904,165791.995002192,5089,1937.0,252193.99999999997,106667.02684563758,56419.274094937864,102838.0,196737.0,225437.0,447,11405,747,4737,610,0,0,0,0,0,0,0,0,periodic,72.4630355834961,2.383536251997532,7.016897201538086,1,2025-12-29T11:36:03.695981,True,
262144,1,16384,5.0,16000.0,0.32,40,15,2.0,cubic,15.011292794952169,2287344,148.80359776548596,0,0.0,0.0,64240,313344,178074.8406626506,1103,42.0,191945.0,50019.269311064716,21412.007822971176,47776.0,79436.0,156412.0,479,3320,186,1097,137,0,0,0,0,0,0,0,0,periodic,101.40395164489746,8.326730485689842,39.61801528930664,52,2025-12-29T11:36:22.928307,True,
262144,1,16384,5.0,16000.0,0.32,40,15,2.0,bbr,15.016278963070363,6686368,434.8385020056186,0,0.0,0.0,64240,313344,169535.36615415945,4328,20.0,250010.99999999997,101927.67149758454,56748.91395801179,86160.0,194473.0,209142.0,414,9821,696,4100,594,0,0,0,0,0,0,0,0,periodic,104.80093955993652,2.793326010658474,9.083986282348633,3,2025-12-29T11:36:41.208392,True,
262144,1,16384,10.0,16000.0,0.64,40,15,1.0,cubic,15.005827345186844,2575496,167.6104059205196,0,0.0,0.0,64240,313344,180972.28849407783,1183,263.0,159314.0,48011.76490066225,17262.102467075125,46277.0,74646.0,112965.0,604,3546,106,1104,38,0,0,0,0,0,0,0,0,periodic,79.85091209411621,7.685489808359454,35.1710319519043,30,2025-12-29T11:37:00.137559,True,
262144,1,16384,10.0,16000.0,0.64,40,15,1.0,bbr,15.069151153089479,7322496,474.5373463543716,0,0.0,0.0,64240,313344,172758.3082721488,4508,1097.0,212451.0,63545.43127364439,35840.815704076114,51958.0,159175.0,184364.0,793,10215,454,3924,362,0,0,0,0,0,0,0,0,periodic,143.10908317565918,2.713922393688457,8.732080459594727,7,2025-12-29T11:37:18.440655,True,
262144,1,16384,10.0,16000.0,0.64,40,15,1.25,cubic,15.010246630990878,3639776,236.8028212581979,0,0.0,0.0,64240,313344,179624.088117222,1445,6617.0,150234.0,48475.49297752809,14472.720682934594,48001.0,69052.0,91860.0,712,4982,105,1664,67,0,0,0,0,0,0,0,0,periodic,101.2411117553711,5.668565557284846,28.187990188598633,13,2025-12-29T11:37:37.393062,True,
262144,1,16384,10.0,16000.0,0.64,40,15,1.25,bbr,15.057798205176368,5819016,377.38803077773355,0,0.0,0.0,64240,313344,174157.7351951548,3749,409.0,250172.99999999997,61198.67931937173,34459.81653363785,50068.0,143630.0,179192.0,764,8916,571,3463,420,0,0,0,0,0,0,0,0,periodic,79.17499542236328,3.2077187554708027,11.802196502685547,3,2025-12-29T11:37:55.841496,True,
262144,1,16384,10.0,16000.0,0.64,40,15,1.5,cubic,15.010666055139154,2504544,162.94038792253488,0,0.0,0.0,64240,313344,180414.1796851797,1232,10776.0,156246.0,47372.80031201248,15026.832330376277,46002.0,69439.0,105576.0,641,3367,70,973,43,0,0,0,0,0,0,0,0,periodic,86.27009391784668,8.222523336673493,33.77509117126465,17,2025-12-29T11:38:14.729613,True,
262144,1,16384,10.0,16000.0,0.64,40,15,1.5,bbr,15.052944084163755,5981648,388.06050778767064,0,0.0,0.0,64240,313344,176426.57427395126,3831,16.0,181056.0,64014.56083086054,35793.8502757225,50382.0,144657.0,170354.0,674,8987,623,3591,457,0,0,0,0,0,0,0,0,periodic,82.5350284576416,3.1217010672171677,11.673927307128906,6,2025-12-29T11:38:33.054717,True,
262144,1,16384,10.0,16000.0,0.64,40,15,1.75,cubic,15.00646915892139,2437936,158.65136893874927,0,0.0,0.0,64240,313344,177606.41839931643,1154,86.0,181723.0,49801.231075697215,23178.409326241763,46249.0,93638.0,141550.0,502,3511,220,1176,137,0,0,0,0,0,0,0,0,periodic,96.66299819946289,7.723506710210326,38.49291801452637,55,2025-12-29T11:38:51.893143,True,
262144,1,16384,10.0,16000.0,0.64,40,15,1.75,bbr,15.022870289860293,7322496,475.99925061101624,0,0.0,0.0,64240,313344,166921.2129946263,4609,4420.0,440523.0,105543.09405940594,62052.381495662456,84036.0,196088.0,296938.0,404,10235,625,4226,499,0,0,0,0,0,0,0,0,periodic,172.90687561035156,2.6142147703490757,7.617950439453125,6,2025-12-29T11:39:10.228449,True,
262144,1,16384,10.0,16000.0,0.64,40,15,2.0,cubic,15.00644314312376,1761720,114.64606709874043,0,0.0,0.0,64240,313344,180842.60680989057,902,633.0,187136.0,47946.04948453608,18732.997657026754,46172.0,74067.0,116129.0,485,2467,81,708,43,0,0,0,0,0,0,0,0,periodic,131.49404525756836,11.342235225480431,47.299861907958984,50,2025-12-29T11:39:29.207648,True,
262144,1,16384,10.0,16000.0,0.64,40,15,2.0,bbr,15.011402386939153,8040248,523.0560400093968,0,0.0,0.0,0,311904,167264.18070535868,5287,159.0,224936.0,99733.41237113402,57143.53133579334,68692.0,193677.0,206990.0,485,11682,747,4850,615,0,0,0,0,0,0,0,0,periodic,109.40790176391602,2.370605574896538,6.921052932739258,2,2025-12-29T11:39:47.435134,True,
262144,1,16384,5.0,16000.0,0.32,40,15,1.0,cubic,15.003290944965556,3025824,196.95053977417777,0,0.0,0.0,64240,313344,181413.72788950813,1300,1312.0,177704.0,48195.72808320951,16561.847362666053,46416.0,72907.0,113768.0,673,4127,127,1322,66,0,0,0,0,0,0,0,0,periodic,113.66796493530273,6.733466987822381,32.219886779785156,25,2025-12-29T11:40:06.501949,True,
262144,1,16384,5.0,16000.0,0.32,40,15,1.0,bbr,15.002267488045618,6738496,438.63785959313446,0,0.0,0.0,64240,313344,169690.34230610562,4407,283.0,228769.0,84425.13457943925,52854.109521448314,55668.0,186227.0,213406.0,535,9696,619,3955,508,0,0,0,0,0,0,0,0,periodic,67.43097305297852,2.8217090546242742,11.841058731079102,1,2025-12-29T11:40:24.897419,True,
262144,1,16384,5.0,16000.0,0.32,40,15,1.25,cubic,15.027246803976595,1960096,127.37903855371998,0,0.0,0.0,64240,313344,181470.47859216254,1009,398.0,125300.0,46167.79074074074,15262.028686407619,45433.0,68960.0,94376.0,540,2756,116,799,43,0,0,0,0,0,0,0,0,periodic,84.38396453857422,10.111877344915294,41.05496406555176,35,2025-12-29T11:40:43.744731,True,
262144,1,16384,5.0,16000.0,0.32,40,15,1.25,bbr,15.002600295934826,7836272,510.08553344406477,0,0.0,0.0,64240,311904,165063.21649392424,5107,1141.0,247904.0,106178.84615384616,59078.25142506334,90666.0,200255.0,228985.0,390,11192,688,4689,602,0,0,1,0,0,0,0,0,periodic,55.78899383544922,2.4377183083890412,7.63702392578125,1,2025-12-29T11:41:01.998845,True,
262144,1,16384,5.0,16000.0,0.32,40,15,1.5,cubic,15.020920127164572,2387256,155.20385354316304,0,0.0,0.0,64240,313344,180329.90445269016,1117,14798.0,338221.0,49164.6384083045,19590.120662906713,47270.0,73239.0,112157.0,578,3234,61,971,46,0,0,0,0,0,0,0,0,periodic,84.70988273620605,8.470291691910264,37.40191459655762,28,2025-12-29T11:41:21.000132,True,
262144,1,16384,5.0,16000.0,0.32,40,15,1.5,bbr,15.02493588719517,8235576,535.2804662783403,0,0.0,0.0,64240,313344,163307.4960927653,5361,274.0,333667.0,91222.77133105801,58982.906898989626,55997.0,189934.0,249072.0,586,11901,841,4769,713,0,0,0,0,0,0,0,0,periodic,125.5960464477539,2.2904668411199194,7.69495964050293,5,2025-12-29T11:41:39.328226,True,
262144,1,16384,5.0,16000.0,0.32,40,15,1.75,cubic,15.033886345103383,2941840,191.09434241105035,0,0.0,0.0,64240,313344,174473.63829787233,1295,448.0,498381.0,52461.40041493776,34232.1449477156,48328.0,84892.0,179927.0,482,4277,285,1520,221,0,0,0,0,0,0,0,0,periodic,200.1039981842041,6.315294873839056,33.71691703796387,39,2025-12-29T11:41:58.402931,True,
262144,1,16384,5.0,16000.0,0.32,40,15,1.75,bbr,15.14390267780982,8034656,518.1190025406829,0,0.0,0.0,64240,313344,162900.04323534467,5223,94.0,259492.0,99714.63429752066,60034.747081029695,64087.00000000001,193226.0,236011.0,484,11634,818,4737,696,0,0,1,0,0,0,0,0,periodic,97.37706184387207,2.334882411903526,6.587028503417969,6,2025-12-29T11:42:16.756541,True,
262144,1,16384,5.0,16000.0,0.32,40,15,2.0,cubic,15.009109159000218,2312584,150.4674786874849,0,0.0,0.0,64240,313344,177105.70964691046,1068,501.99999999999994,208927.0,47656.32768361582,17282.782903099673,46482.0,72430.0,99915.0,531,3172,101,957,72,0,0,1,0,0,0,0,0,periodic,85.9990119934082,8.708853690926968,41.61405563354492,44,2025-12-29T11:42:36.039892,True,
262144,1,16384,5.0,16000.0,0.32,40,15,2.0,bbr,15.196536775911227,4568400,293.5753185602044,0,0.0,0.0,64240,313344,182583.06538623007,3097,62.0,184631.0,51232.639410187665,26111.322944799555,48657.0,102193.0,147097.0,746,9528,1682,3964,900,0,0,0,0,0,0,0,0,periodic,63.629865646362305,3.083270156483322,15.197038650512695,7,2025-12-29T11:42:54.307096,True,
262144,1,16384,10.0,16000.0,0.64,40,15,1.0,cubic,15.060770422918722,3711184,240.6386275887235,0,0.0,0.0,64240,313344,180493.34424678274,1484,65.0,195168.0,48728.10957004161,15093.56117151292,47566.0,68584.0,87940.0,721,5284,217,1824,114,0,0,0,0,0,0,0,0,periodic,86.83991432189941,5.217498571046952,27.940988540649414,11,2025-12-29T11:43:13.246328,True,
262144,1,16384,10.0,16000.0,0.64,40,15,1.0,bbr,15.000748524907976,6889088,448.4859531395465,0,0.0,0.0,64240,313344,173190.1542434677,4430,552.0,198654.0,69256.3735632184,41817.371090021494,52142.0,168136.0,187156.0,696,9874,489,3886,412,0,0,0,0,0,0,0,0,periodic,109.63702201843262,2.8294599835448118,8.951902389526367,3,2025-12-29T11:43:31.815074,True,
262144,1,16384,10.0,16000.0,0.64,40,15,1.25,cubic,15.025745457038283,2510336,163.15330290995186,0,0.0,0.0,64240,313344,180371.6208102594,1191,15.0,156971.0,46891.316993464054,15190.349141479204,45816.0,68380.0,102371.0,612,3431,66,1033,40,0,0,0,0,0,0,0,0,periodic,92.13709831237793,8.227561323682247,35.952091217041016,35,2025-12-29T11:43:50.785149,True,
262144,1,16384,10.0,16000.0,0.64,40,15,1.25,bbr,15.001524018123746,7837800,510.22159836913056,0,0.0,0.0,64240,313344,167553.05876711133,5044,437.0,228761.0,95404.12770137524,56377.606046495006,62351.0,194468.0,208971.0,509,11469,795,4721,646,0,0,1,0,0,0,0,0,periodic,76.18498802185059,2.4023220220973536,7.374048233032227,1,2025-12-29T11:44:09.059077,True,
262144,1,16384,10.0,16000.0,0.64,40,15,1.5,cubic,15.00777753489092,2679752,174.3726082303645,0,0.0,0.0,64240,313344,180552.84351044145,1184,5776.0,171760.0,48132.6192,19112.094885296887,46174.0,74675.0,136279.0,625,3783,125,1195,70,0,0,0,0,0,0,0,0,periodic,92.43392944335938,7.47557796942636,36.07296943664551,30,2025-12-29T11:44:28.100393,True,
262144,1,16384,10.0,16000.0,0.64,40,15,1.5,bbr,15.019386456115171,7016968,456.24419030179416,0,0.0,0.0,64240,313344,170982.41832316472,4572,787.0,224271.0,77933.17879746835,47975.005383915304,54168.0,174817.0,202080.0,632,10162,612,4083,503,0,0,0,0,0,0,0,0,periodic,90.88611602783203,2.7247890326898014,8.790969848632812,3,2025-12-29T11:44:46.410053,True,
262144,1,16384,10.0,16000.0,0.64,40,15,1.75,cubic,15.000891336938366,2233768,145.4189630137818,0,0.0,0.0,64240,313344,180257.7744436952,1056,13034.0,165836.0,47245.50268336315,14772.580102327713,45508.0,69692.0,100588.0,559,2966,54,863,34,0,0,0,0,0,0,0,0,periodic,93.93811225891113,9.356272463895836,37.5518798828125,28,2025-12-29T11:45:05.303251,True,
262144,1,16384,10.0,16000.0,0.64,40,15,1.75,bbr,15.083395065041259,6712888,434.62063144482573,0,0.0,0.0,64240,313344,168706.04561288917,4213,839.0,264371.0,97280.01818181819,56781.67612647708,65916.0,193846.0,220641.0,385,9186,464,3778,370,0,0,0,0,0,0,0,0,periodic,87.34607696533203,2.9163938937800946,8.36801528930664,1,2025-12-29T11:45:23.653362,True,
262144,1,16384,10.0,16000.0,0.64,40,15,2.0,cubic,15.030282738851383,1483704,96.40069403050548,0,0.0,0.0,64240,313344,179884.530223703,805,1838.0,240135.0,48943.058375634515,21230.511079328393,46578.0,81183.0,113530.0,394,2101,93,612,44,0,0,0,0,0,0,0,0,periodic,1008.5728168487549,13.909178886482184,55.87887763977051,77,2025-12-29T11:45:42.574831,True,
262144,1,16384,10.0,16000.0,0.64,40,15,2.0,bbr,15.050680439919233,5758200,373.6204625397107,0,0.0,0.0,64240,313344,173461.59330432682,3682,751.0,235555.0,75937.66597077245,44517.37869319193,55438.0,165877.0,190831.0,479,8274,463,3353,366,0,0,0,0,0,0,0,0,periodic,83.63509178161621,3.3517889036905095,10.653018951416016,6,2025-12-29T11:46:01.799006,True,
262144,1,16384,5.0,16000.0,0.32,40,15,1.0,cubic,15.033684117952362,3198136,207.74546431838874,0,0.0,0.0,64240,313344,182799.80082219938,1426,42.0,199472.0,47940.60928143712,16545.20930477026,47193.0,69637.0,92138.0,668,4865,273,1734,157,0,0,0,0,0,0,0,0,periodic,72.27587699890137,5.9030437584244675,30.325889587402344,15,2025-12-29T11:46:20.570142,True,
262144,1,16384,5.0,16000.0,0.32,40,15,1.0,bbr,15.00490985205397,5856664,381.16846378234595,0,0.0,0.0,64240,313344,178248.3957351555,3617,523.0,217956.0,56288.62594458438,29766.610266759984,48860.0,133413.0,170569.0,794,8488,463,3257,296,0,0,0,0,0,0,0,0,periodic,76.62582397460938,3.304321778170026,11.613130569458008,2,2025-12-29T11:46:38.967444,True,
262144,1,16384,5.0,16000.0,0.32,40,15,1.25,cubic,15.009411541977897,2883920,187.6374778000705,0,0.0,0.0,64240,313344,180839.6037313433,1393,2474.0,144554.0,46782.631964809385,13490.551147882767,46755.0,64596.0,85183.0,682,4020,89,1252,51,0,0,0,0,0,0,0,0,periodic,88.03296089172363,7.131398119632666,31.959056854248047,10,2025-12-29T11:46:57.736790,True,
262144,1,16384,5.0,16000.0,0.32,40,15,1.25,bbr,15.044054039986804,6704200,435.1932195336453,0,0.0,0.0,64240,313344,175301.2085026261,3584,144.0,214007.0,59020.61266568483,31313.54847984031,50477.0,137394.0,177312.0,679,10091,698,4075,507,0,0,0,0,0,0,0,0,periodic,85.65402030944824,2.8016212998189376,12.62211799621582,5,2025-12-29T11:47:16.140688,True,
262144,1,16384,5.0,16000.0,0.32,40,15,1.5,cubic,15.000880846055225,2938944,191.32626473429653,0,0.0,0.0,64240,313344,175502.22029054537,1308,9807.0,160012.0,50318.30085470086,18435.034079793877,48035.0,82324.0,132994.0,585,4199,221,1387,175,0,0,0,0,0,0,0,0,periodic,86.7619514465332,6.598537396705872,31.790971755981445,23,2025-12-29T11:47:35.090417,True,
262144,1,16384,5.0,16000.0,0.32,40,15,1.5,bbr,15.07750472589396,6674784,432.32244781230014,0,0.0,0.0,64240,313344,171180.97956388918,4355,9596.0,254915.99999999997,85149.57536764706,50768.42468182824,57738.0,180089.0,212895.0,544,9493,546,3803,410,0,0,0,0,0,0,0,0,periodic,81.63094520568848,2.893458801189874,7.958889007568359,1,2025-12-29T11:47:53.490305,True,
262144,1,16384,5.0,16000.0,0.32,40,15,1.75,cubic,15.012502731056884,2385808,155.1966828409013,0,0.0,0.0,64240,313344,179483.76093201403,1075,2846.0,200453.0,47198.389396709325,17901.851920483597,46421.0,71721.0,116793.0,547,3133,100,941,67,0,0,0,0,0,0,0,0,periodic,83.53805541992188,8.534492531671484,37.178993225097656,27,2025-12-29T11:48:12.444149,True,
262144,1,16384,5.0,16000.0,0.32,40,15,1.75,bbr,15.12449189601466,6743416,435.410804724968,0,0.0,0.0,64240,313344,172003.9046994756,4505,433.0,210784.0,72770.05982905983,44345.866459023535,52607.0,167490.0,189290.0,585,9916,687,4032,603,0,0,0,0,0,0,0,0,periodic,98.9220142364502,2.797346587299138,8.47315788269043,1,2025-12-29T11:48:30.692446,True,
262144,1,16384,5.0,16000.0,0.32,40,15,2.0,cubic,15.008096578996629,2617488,170.31744242486022,0,0.0,0.0,0,313344,180125.45959869848,1226,4561.0,326015.0,48710.53259141494,21914.36667110231,46324.0,71800.0,157437.0,629,3688,105,1136,79,0,0,0,0,0,0,0,0,periodic,88.3331298828125,7.765383416555156,35.275936126708984,30,2025-12-29T11:48:49.795537,True,
262144,1,16384,5.0,16000.0,0.32,40,15,2.0,bbr,15.000592383090407,5812688,378.4152638797684,0,0.0,0.0,64240,313344,173358.35888177052,3797,477.0,208183.0,77414.29365079365,45625.05858370972,56119.0,172087.0,194004.0,504,8585,567,3487,459,0,0,0,0,0,0,0,0,periodic,77.66103744506836,3.240418563017974,10.395050048828125,4,2025-12-29T11:49:08.158842,True,
262144,1,16384,10.0,16000.0,0.64,40,15,1.0,cubic,15.003438147949055,3781680,246.14670574723124,0,0.0,0.0,64240,313344,179014.34322888035,1574,21.0,188046.0,50199.158798283264,21223.896703839306,47074.0,74634.0,156158.0,699,5457,263,1931,211,0,0,0,0,0,0,0,0,periodic,129.51397895812988,5.1343382573595235,27.56214141845703,12,2025-12-29T11:49:26.900397,True,
262144,1,16384,10.0,16000.0,0.64,40,15,1.0,bbr,15.047782276989892,7336976,476.1509366038798,0,0.0,0.0,64240,313344,171529.90553652967,4588,432.0,218685.0,71627.19966442953,43655.0142462582,52673.0,170861.0,192120.0,596,10512,557,4257,461,0,0,0,0,0,0,0,0,periodic,73.2109546661377,2.6585449123499956,8.769989013671875,4,2025-12-29T11:49:45.513196,True,
262144,1,16384,10.0,16000.0,0.64,40,15,1.25,cubic,15.07564048585482,2353952,152.48315666302216,0,0.0,0.0,64240,313344,179395.32894736843,1139,1723.0,204844.0,52937.559099437145,25930.59252498463,49023.0,92813.0,174199.0,533,3268,88,1025,52,0,0,0,0,0,0,0,0,periodic,86.59195899963379,8.547770088632143,37.596940994262695,34,2025-12-29T11:50:04.530123,True,
262144,1,16384,10.0,16000.0,0.64,40,15,1.25,bbr,15.001500891055912,7663768,498.8933101995245,0,0.0,0.0,64240,311904,169157.95720973783,4830,1619.0,222604.0,77391.98803418803,48431.0090625692,53742.0,178051.0,196051.0,585,10680,545,4319,464,0,0,0,0,0,0,0,0,periodic,77.82292366027832,2.5614859787357678,8.404970169067383,2,2025-12-29T11:50:22.870603,True,
262144,1,16384,10.0,16000.0,0.64,40,15,1.5,cubic,15.004257441964,2556672,166.40276999094098,0,0.0,0.0,64240,313344,181030.62118644067,1182,3.0,160356.0,46271.10366826156,15533.218305061508,45070.0,68002.0,89464.0,627,3540,95,1085,52,0,0,0,0,0,0,0,0,periodic,85.02006530761719,7.92601407697654,34.861087799072266,22,2025-12-29T11:50:41.885577,True,
262144,1,16384,10.0,16000.0,0.64,40,15,1.5,bbr,15.070992911001667,7758344,502.7212113522546,0,0.0,0.0,64240,313344,168467.37111131503,4784,330.0,308454.0,83409.3256227758,53376.321166733906,55369.0,188839.0,212199.0,562,10897,578,4399,488,0,0,0,0,0,0,0,0,periodic,65.64497947692871,2.5130403665051704,7.709026336669922,2,2025-12-29T11:51:00.139807,True,
262144,1,16384,10.0,16000.0,0.64,40,15,1.75,cubic,15.03489620005712,2020912,131.2644163777135,0,0.0,0.0,64240,313344,179259.45678571428,908,112.0,182936.0,48506.912065439676,19288.18854607647,45974.0,74783.0,138175.0,489,2800,138,851,79,0,0,0,0,0,0,0,0,periodic,93.55807304382324,9.79632813975496,44.836997985839844,55,2025-12-29T11:51:19.207191,True,
262144,1,16384,10.0,16000.0,0.64,40,15,1.75,bbr,15.037588405190036,6841760,444.3136804897517,0,0.0,0.0,64240,313344,169053.26192646613,4493,2709.0,237789.0,103490.0,57448.747407435556,96969.0,196903.0,220379.0,480,9873,629,4057,525,0,0,0,0,0,0,0,0,periodic,83.75382423400879,2.7893931145594286,7.264852523803711,2,2025-12-29T11:51:37.457306,True,
262144,1,16384,10.0,16000.0,0.64,40,15,2.0,cubic,15.015086497878656,2209608,143.7101486431569,0,0.0,0.0,64240,313344,178971.08255401484,1057,571.0,189109.0,50820.09362549801,21784.74349192945,47376.0,87598.0,145659.0,502,3101,143,985,81,0,0,0,0,0,0,0,0,periodic,94.38204765319824,8.949766975659479,40.33493995666504,40,2025-12-29T11:51:56.351449,True,
262144,1,16384,10.0,16000.0,0.64,40,15,2.0,bbr,15.01222098711878,6112960,397.65518407451395,0,0.0,0.0,64240,313344,172899.9260651629,3979,420.0,305869.0,77717.40987124463,46834.98869555881,56842.0,166949.0,207367.0,466,8778,470,3584,375,0,0,0,0,0,0,0,0,periodic,110.84103584289551,3.1603434285654837,10.246038436889648,3,2025-12-29T11:52:14.645648,True,
262144,1,16384,5.0,16000.0,0.32,40,15,1.0,cubic,15.02434741705656,2351512,152.8451368804869,0,0.0,0.0,64240,313344,182755.82224168125,1215,10724.0,198100.0,48052.210776545166,19082.85939724201,45669.0,72419.0,133416.0,631,3426,116,1042,43,0,0,0,0,0,0,0,0,periodic,73.14491271972656,8.481458366454184,36.15307807922363,23,2025-12-29T11:52:33.459042,True,
262144,1,16384,5.0,16000.0,0.32,40,15,1.0,bbr,15.000205205986276,6600936,429.74255845029654,0,0.0,0.0,64240,313344,174860.35452575085,4334,78.0,221839.0,66768.87077826726,39062.44884493338,51466.0,161781.0,185572.0,681,9689,584,3866,430,0,0,0,0,0,0,0,0,periodic,93.42312812805176,2.9134530564003303,9.569168090820312,3,2025-12-29T11:52:51.824248,True,
262144,1,16384,5.0,16000.0,0.32,40,15,1.25,cubic,15.010801140917465,2905640,189.03315258539016,0,0.0,0.0,64240,313344,180369.15144710577,1253,940.0,121982.0,47619.8532526475,13011.748551027536,47515.0,67224.0,83550.0,661,4008,101,1263,54,0,0,0,0,0,0,0,0,periodic,99.93290901184082,7.05346040170038,34.67512130737305,18,2025-12-29T11:53:10.752180,True,
262144,1,16384,5.0,16000.0,0.32,40,15,1.25,bbr,15.047982215182856,6363464,412.967016018266,0,0.0,0.0,64240,313344,177300.9123213207,2835,26.0,204431.0,55731.20197044335,27141.189394622605,50075.0,119135.0,164374.0,812,9934,822,3955,561,0,0,0,0,0,0,0,0,periodic,68.89700889587402,2.855200463542557,16.8459415435791,4,2025-12-29T11:53:29.134833,True,
262144,1,16384,5.0,16000.0,0.32,40,15,1.5,cubic,15.026584716048092,1996296,129.7372522991179,0,0.0,0.0,64240,313344,181857.1352022711,1088,3292.0,123165.0,45627.642335766424,15950.181953856432,44150.0,70439.0,103108.0,548,2818,99,821,36,0,0,0,0,0,0,0,0,periodic,100.20899772644043,9.989189550928447,37.728071212768555,26,2025-12-29T11:53:48.061569,True,
262144,1,16384,5.0,16000.0,0.32,40,15,1.5,bbr,15.019644755870104,6632792,431.2575991498383,0,0.0,0.0,64240,313344,171602.66855433272,4227,413.0,236652.0,71420.83606557376,43436.7165761905,51765.0,166572.0,185971.0,549,9359,512,3779,421,0,0,0,0,0,0,0,0,periodic,85.6931209564209,2.9042552743020242,9.119987487792969,5,2025-12-29T11:54:06.374669,True,
262144,1,16384,5.0,16000.0,0.32,40,15,1.75,cubic,15.054687647847459,2003992,129.99429036841013,0,0.0,0.0,64240,313344,179096.9710360193,946,2997.0,203154.0,50357.36521739131,24208.056822985134,46823.0,89127.0,160014.0,460,2693,121,831,59,0,0,0,0,0,0,0,0,periodic,82.9768180847168,9.976154465353892,45.07899284362793,43,2025-12-29T11:54:25.260501,True,
262144,1,16384,5.0,16000.0,0.32,40,15,1.75,bbr,15.042234031949192,5670456,368.13379420493146,0,0.0,0.0,64240,313344,178994.33955147807,2836,147.0,197473.0,55976.432,26509.6897663133,51077.0,113816.0,142828.0,625,9810,1182,4077,794,0,0,1,0,0,0,0,0,periodic,119.40693855285645,2.9229059341436585,17.033100128173828,7,2025-12-29T11:54:43.554108,True,
262144,1,16384,5.0,16000.0,0.32,40,15,2.0,cubic,15.01748807914555,1757376,114.27926501125252,0,0.0,0.0,64240,313344,180267.15765765766,897,1015.0000000000001,186397.0,48840.25842696629,21907.13249915339,45484.0,81176.0,157853.0,445,2442,78,726,45,0,0,0,0,0,0,0,0,periodic,106.60099983215332,11.386205429254575,47.81198501586914,53,2025-12-29T11:55:02.450710,True,
262144,1,16384,5.0,16000.0,0.32,40,15,2.0,bbr,15.004892380908132,6110064,397.66092441903083,0,0.0,0.0,64240,313344,169646.596489202,3884,23102.0,310196.0,106204.54394299288,59964.60522117364,100482.0,196409.0,272249.0,421,8659,566,3551,453,0,0,0,0,0,0,0,0,periodic,114.07709121704102,3.090053651391006,8.440971374511719,4,2025-12-29T11:55:20.766157,True,
262144,1,16384,10.0,16000.0,0.64,40,15,1.0,cubic,15.01155864004977,2944736,191.56696642597706,0,0.0,0.0,64240,313344,181800.9746031746,1355,2403.0,199139.0,45767.64641744548,16708.785170205403,44894.0,65934.0,116541.0,642,4095,168,1350,78,0,0,0,0,0,0,0,0,periodic,100.68607330322266,6.6430723090957216,29.55913543701172,15,2025-12-29T11:55:39.598785,True,
262144,1,16384,10.0,16000.0,0.64,40,15,1.0,bbr,15.00512139708735,7268464,473.04578131422625,0,0.0,0.0,64240,313344,174555.88765966007,4328,2304.0,204380.0,58988.9265944645,31019.822931412356,49723.0,144488.0,173696.0,831,9943,348,3782,274,0,0,0,0,0,0,0,0,periodic,101.9132137298584,2.7936129311175737,9.121894836425781,4,2025-12-29T11:55:57.994631,True,
262144,1,16384,10.0,16000.0,0.64,40,15,1.25,cubic,15.002924580127,3312528,215.6173356550071,0,0.0,0.0,64240,313344,179515.585246267,1404,3963.9999999999995,161071.0,47480.58045977011,14911.568080808393,46117.0,66683.0,108106.0,696,4487,98,1448,74,0,0,0,0,0,0,0,0,periodic,72.16191291809082,6.224430578577212,31.16893768310547,14,2025-12-29T11:56:16.950080,True,
262144,1,16384,10.0,16000.0,0.64,40,15,1.25,bbr,15.041598452953622,6191608,401.9846831047859,0,0.0,0.0,64240,313344,176867.29300503636,3896,73.0,194074.0,57670.24878640777,29586.33331115132,49313.0,135219.0,167040.0,824,8935,415,3397,268,0,0,0,0,0,0,0,0,periodic,70.50704956054688,3.1786438488819666,10.782957077026367,3,2025-12-29T11:56:35.368455,True,
262144,1,16384,10.0,16000.0,0.64,40,15,1.5,cubic,15.002136808121577,2662376,173.30708256789615,0,0.0,0.0,64240,313344,179825.23841642227,1126,8752.0,191278.0,47457.557098765436,15456.308203071801,46617.0,69892.0,94544.0,648,3410,54,977,20,0,0,0,0,0,0,0,0,periodic,103.15322875976562,8.011142786656155,35.086870193481445,27,2025-12-29T11:56:54.181975,True,
262144,1,16384,10.0,16000.0,0.64,40,15,1.5,bbr,15.07730565383099,7049816,456.6191132266856,0,0.0,0.0,64240,313344,170227.07621498566,4489,898.0,229670.0,80684.3955637708,50874.71056193195,54102.0,180624.0,205645.0,541,10103,604,4100,506,0,0,0,0,0,0,0,0,periodic,94.23708915710449,2.720996360132485,9.185075759887695,3,2025-12-29T11:57:12.555648,True,
262144,1,16384,10.0,16000.0,0.64,40,15,1.75,cubic,15.101652453886345,2160376,139.70273742838432,0,0.0,0.0,64240,313344,180110.96757502586,1015,12024.0,158761.0,47769.03087478559,17310.2871511313,46552.0,74535.0,119831.0,583,2899,69,804,30,0,0,0,0,0,0,0,0,periodic,101.08017921447754,9.489762736423696,40.73691368103027,38,2025-12-29T11:57:31.569258,True,
262144,1,16384,10.0,16000.0,0.64,40,15,1.75,bbr,15.050802209880203,6821032,442.57867252598885,0,0.0,0.0,64240,313344,171504.9735678392,4448,2.0,204855.0,88982.42884990253,50724.729522683716,60454.0,177815.0,198677.0,513,9950,654,4097,524,0,0,0,0,0,0,0,0,periodic,61.03706359863281,2.7804169322169106,8.249998092651367,2,2025-12-29T11:57:49.970291,True,
262144,1,16384,10.0,16000.0,0.64,40,15,2.0,cubic,15.009871043963358,1829776,119.04769999464108,0,0.0,0.0,64240,313344,180662.81152037618,929,4110.0,188604.0,46439.84069097889,17752.56486455425,43788.0,70691.0,93247.0,521,2552,99,711,36,0,0,0,0,0,0,0,0,periodic,85.07299423217773,10.919454283873831,42.994022369384766,38,2025-12-29T11:58:08.897726,True,
262144,1,16384,10.0,16000.0,0.64,40,15,2.0,bbr,15.088844457175583,6896784,446.3655678945691,0,0.0,0.0,64240,313344,168241.10019545315,4502,32702.000000000004,291353.0,99531.39220183487,57336.051574158184,65897.0,193190.0,217333.0,436,9721,571,3982,479,0,0,0,0,0,0,0,0,periodic,128.43894958496094,2.786253433785683,6.838083267211914,1,2025-12-29T11:58:27.109365,True,
262144,1,16384,5.0,16000.0,0.32,40,15,1.0,cubic,15.012102626962587,3464568,225.37596974745435,0,0.0,0.0,64240,313344,180018.95006065507,1446,57.0,151159.0,47860.529411764706,15488.897102301753,47024.0,70521.0,98431.0,697,4946,228,1694,113,0,0,0,0,0,0,0,0,periodic,79.44512367248535,5.6593270493734735,29.56986427307129,16,2025-12-29T11:58:46.105267,True,
262144,1,16384,5.0,16000.0,0.32,40,15,1.0,bbr,15.013078305870295,6650168,432.57648799184966,0,0.0,0.0,64240,313344,176961.97678363192,4108,157.0,213840.0,56679.348557692305,27706.930612007596,49483.0,129193.0,164836.0,832,9433,410,3608,308,0,0,0,0,0,0,0,0,periodic,99.74384307861328,2.997049688700063,10.350942611694336,2,2025-12-29T11:59:04.606247,True,
262144,1,16384,5.0,16000.0,0.32,40,15,1.25,cubic,15.032442993950099,3953400,256.8273293338801,0,0.0,0.0,64240,313344,173080.07220152565,1626,1040.0,190062.0,50899.94946401225,23438.186023244914,47381.0,85272.0,165903.0,653,5637,264,1978,203,0,0,1,0,0,0,0,0,periodic,144.20199394226074,4.977725898370265,28.17082405090332,19,2025-12-29T11:59:23.518411,True,
262144,1,16384,5.0,16000.0,0.32,40,15,1.25,bbr,15.004523111041635,5845400,380.4451761148785,0,0.0,0.0,64240,313344,177848.50998611556,3402,292.0,180712.0,55251.17543859649,29055.682738369447,48542.0,130007.00000000001,159552.0,798,9363,897,3711,520,0,0,0,0,0,0,0,0,periodic,74.74517822265625,3.0052148289020963,13.813018798828125,1,2025-12-29T11:59:42.081358,True,
262144,1,16384,5.0,16000.0,0.32,40,15,1.5,cubic,15.00295518618077,2785456,181.3090715291579,0,0.0,0.0,64240,313344,179739.73605476675,1263,908.0,135372.0,46260.37781350482,14874.59432710157,44731.0,70813.0,92370.0,622,3944,140,1273,96,0,0,0,0,0,0,0,0,periodic,133.30984115600586,7.158194548362482,34.132957458496094,25,2025-12-29T12:00:00.895455,True,
262144,1,16384,5.0,16000.0,0.32,40,15,1.5,bbr,15.06039310991764,7038688,456.410314115472,0,0.0,0.0,64240,313344,168291.13920262572,4661,10.0,271528.0,91104.41916167665,55941.432311818375,58103.0,182075.0,227992.0,501,10359,752,4218,577,0,0,0,0,0,0,0,0,periodic,113.53302001953125,2.662569773174051,7.434844970703125,7,2025-12-29T12:00:19.286407,True,
262144,1,16384,5.0,16000.0,0.32,40,15,1.75,cubic,15.064763463102281,1935480,125.46610453787828,0,0.0,0.0,64240,313344,181007.45035068292,986,4677.0,159542.0,47901.39074074074,18182.070312411342,45918.0,77848.0,138445.0,540,2709,87,768,40,0,0,0,0,0,0,0,0,periodic,91.51101112365723,10.31638698631458,41.40019416809082,37,2025-12-29T12:00:38.288303,True,
262144,1,16384,5.0,16000.0,0.32,40,15,1.75,bbr,15.017954455921426,7258784,472.0121019680557,0,0.0,0.0,64240,313344,166880.46747058252,4686,3172.0,238352.0,100346.35497835498,59465.787160906206,67750.0,199008.0,225712.0,462,10283,585,4192,511,0,0,0,0,0,0,0,0,periodic,80.97481727600098,2.6606426872661917,8.270978927612305,2,2025-12-29T12:00:56.600603,True,
262144,1,16384,5.0,16000.0,0.32,40,15,2.0,cubic,15.015420182142407,1832672,119.19205245607999,0,0.0,0.0,64240,313344,179216.21633466135,1017,7482.0,212897.0,49245.869022869025,20445.582361003027,47159.0,77548.0,153432.0,481,2510,67,712,37,0,0,0,0,0,0,0,0,periodic,85.98899841308594,10.963296925923498,42.41299629211426,41,2025-12-29T12:01:15.589390,True,
262144,1,16384,5.0,16000.0,0.32,40,15,2.0,bbr,15.066499404842034,6915608,448.2476822273374,0,0.0,0.0,64240,313344,168026.52445814278,4559,55.0,293259.0,105446.37227722773,60290.20873885146,95338.0,198447.0,227397.0,505,10058,678,4099,544,0,0,0,0,0,0,0,0,periodic,144.8061466217041,2.703248715418086,7.95292854309082,4,2025-12-29T12:01:33.879853,True,
262144,1,16384,10.0,16000.0,0.64,40,15,1.0,cubic,15.014334441861138,3371896,219.31489539218128,0,0.0,0.0,64240,313344,179542.38974247998,1411,4185.0,194767.0,48217.38888888889,16890.73460898157,46495.0,68839.0,110650.0,666,4621,112,1545,68,0,0,0,0,0,0,0,0,periodic,80.22785186767578,6.131684687026871,31.048059463500977,19,2025-12-29T12:01:52.894633,True,
262144,1,16384,10.0,16000.0,0.64,40,15,1.0,bbr,15.012532897060737,6285272,408.85578600142384,0,0.0,0.0,64240,313344,178370.90237382377,2644,761.0,239487.0,56229.186170212764,29664.345917986062,49662.0,126797.0,205172.0,752,9352,637,3716,405,0,0,0,0,0,0,0,0,periodic,70.78695297241211,3.017836822481859,15.443086624145508,5,2025-12-29T12:02:11.341100,True,
262144,1,16384,10.0,16000.0,0.64,40,15,1.25,cubic,15.041504833847284,3757064,243.92558145138386,0,0.0,0.0,64240,313344,173570.6099330357,1518,8.0,204365.0,52076.28923076923,25728.24563637358,47948.0,87821.0,175255.0,650,5376,256,1907,185,0,0,0,0,0,0,0,0,periodic,114.04705047607422,5.171449574100112,28.516054153442383,21,2025-12-29T12:02:30.129284,True,
262144,1,16384,10.0,16000.0,0.64,40,15,1.25,bbr,15.077263097977266,7527656,487.5703577452479,0,0.0,0.0,64240,313344,169987.04017203514,4861,774.0,395800.0,85961.69892473119,56850.10723126954,57572.0,185440.0,216697.0,558,10928,704,4473,556,0,0,0,0,0,0,0,0,periodic,197.60704040527344,2.5400855244060536,7.700920104980469,2,2025-12-29T12:02:48.708601,True,
262144,1,16384,10.0,16000.0,0.64,40,15,1.5,cubic,15.058048293925822,2009440,130.31859851263582,0,0.0,0.0,64240,313344,175371.67463946535,1000,2906.0,191374.0,50076.82366589327,22374.859087585868,47459.0,75780.0,165977.0,431,2843,138,884,106,0,0,2,0,0,0,0,0,periodic,115.80991744995117,9.556549178366518,43.543100357055664,53,2025-12-29T12:03:07.797265,True,
262144,1,16384,10.0,16000.0,0.64,40,15,1.5,bbr,15.015189833007753,7530552,489.7743398044592,0,0.0,0.0,64240,313344,170633.12887423456,4709,12.0,233147.0,78567.98335854766,50229.7443645708,52915.0,181707.0,209622.0,661,10615,516,4205,408,0,0,0,0,0,0,0,0,periodic,79.18405532836914,2.5988809582600854,7.853031158447266,2,2025-12-29T12:03:26.090899,True,
262144,1,16384,10.0,16000.0,0.64,40,15,1.75,cubic,15.000968622975051,2521920,164.17689829895568,0,0.0,0.0,64240,313344,176875.4987391426,1107,131.0,176644.0,50441.21052631579,20419.099869276022,48179.0,81299.0,148969.0,475,3569,190,1229,147,0,0,0,0,0,0,0,0,periodic,96.79007530212402,7.587368710566375,38.97690773010254,44,2025-12-29T12:03:45.088256,True,
262144,1,16384,10.0,16000.0,0.64,40,15,1.75,bbr,15.079600002150983,6480752,419.6967674273349,0,0.0,0.0,64240,313344,171394.35473259763,4209,368.0,219209.0,80626.29113924051,45356.57313503275,56012.0,164646.0,184973.0,553,9424,631,3814,483,0,0,0,0,0,0,0,0,periodic,75.8371353149414,2.927167115193677,9.402990341186523,2,2025-12-29T12:04:03.411174,True,
262144,1,16384,10.0,16000.0,0.64,40,15,2.0,cubic,15.003949924139306,1615472,105.14627034723983,0,0.0,0.0,64240,313344,179496.87890974083,831,520.0,215365.0,48410.46527777778,20119.82318243162,46184.0,78842.0,120246.0,432,2238,86,638,36,0,0,0,0,0,0,0,0,periodic,113.16800117492676,12.311001785662995,49.30710792541504,55,2025-12-29T12:04:22.325372,True,
262144,1,16384,10.0,16000.0,0.64,40,15,2.0,bbr,15.048567243851721,6998872,454.18516106857,0,0.0,0.0,64240,313344,169389.53412492515,4432,156.0,297115.0,97011.45054945054,56816.30439004336,65811.0,189932.0,206290.0,455,10022,584,4225,494,0,0,0,0,0,0,0,0,periodic,83.62507820129395,2.729449471762014,8.906841278076172,3,2025-12-29T12:04:40.567596,True,
262144,1,16384,5.0,16000.0,0.32,40,15,1.0,cubic,15.02622976503335,3105464,201.82572308039437,0,0.0,0.0,64240,313344,177870.0862389586,1280,11374.0,181304.0,50234.83306320907,22711.12280326752,46634.0,81383.0,153678.0,617,4302,166,1432,134,0,0,0,0,0,0,0,0,periodic,86.74502372741699,6.322369627900176,33.39815139770508,33,2025-12-29T12:04:59.431411,True,
262144,1,16384,5.0,16000.0,0.32,40,15,1.0,bbr,15.009078359929845,6906464,449.36761526985094,0,0.0,0.0,64240,313344,174803.00310248198,4405,240.0,197882.0,65220.05614973262,36832.61822113092,51771.0,157014.0,179670.0,748,9992,562,3944,437,0,0,0,0,0,0,0,0,periodic,105.01980781555176,2.8082966133532783,10.392904281616211,2,2025-12-29T12:05:17.862506,True,
262144,1,16384,5.0,16000.0,0.32,40,15,1.25,cubic,15.040121251018718,2381464,154.62963354384368,0,0.0,0.0,64240,313344,180785.203274637,1150,7892.0,163565.0,45808.77302631579,17009.989530278774,44648.0,69019.0,100065.0,608,3237,90,952,47,0,0,0,0,0,0,0,0,periodic,71.04015350341797,8.471110394892802,35.012006759643555,22,2025-12-29T12:05:36.803833,True,
262144,1,16384,5.0,16000.0,0.32,40,15,1.25,bbr,15.086395825026557,6811352,440.90788911063794,0,0.0,0.0,64240,313344,172332.96223674656,4226,2773.0,305040.0,68677.9110787172,43755.44689057733,51783.0,168571.0,209364.0,686,9639,437,3768,342,0,0,0,0,0,0,0,0,periodic,204.2980194091797,2.905136973512054,9.242057800292969,5,2025-12-29T12:05:55.133411,True,
262144,1,16384,5.0,16000.0,0.32,40,15,1.5,cubic,15.112971878843382,2527712,163.33443678642743,0,0.0,0.0,64240,313344,178606.44757834758,1151,4983.0,200169.0,50529.34306569343,24482.324963448275,46450.0,95704.0,163347.0,548,3510,121,1121,80,0,0,0,0,0,0,0,0,periodic,94.96712684631348,7.962169468243064,37.12010383605957,26,2025-12-29T12:06:14.086392,True,
262144,1,16384,5.0,16000.0,0.32,40,15,1.5,bbr,15.011317512020469,6375368,414.75009155688764,0,0.0,0.0,64240,313344,174865.92956512215,3934,8.0,207177.0,58363.35101404056,29841.16936833952,50751.0,136215.0,164716.0,641,9129,522,3639,367,0,0,1,0,0,0,0,0,periodic,157.3810577392578,3.0396485401883706,9.04703140258789,5,2025-12-29T12:06:32.564093,True,
262144,1,16384,5.0,16000.0,0.32,40,15,1.75,cubic,15.03275242797099,1828784,118.80205461755553,0,0.0,0.0,64240,313344,179454.64604670217,880,525.0,180976.0,49045.04449648712,22048.029056350657,46269.0,80983.0,154589.0,427,2441,82,742,47,0,0,0,0,0,0,0,0,periodic,89.87617492675781,10.95382446294963,44.39496994018555,46,2025-12-29T12:06:51.406950,True,
262144,1,16384,5.0,16000.0,0.32,40,15,1.75,bbr,15.082001605071127,7374168,477.47879400030325,0,0.0,0.0,64240,313344,168280.61209258385,4787,31.0,219933.0,94214.77299412916,53590.68816800441,62248.0,184581.0,209408.0,511,10585,621,4305,534,0,0,0,0,0,0,0,0,periodic,99.38716888427734,2.6198572322281706,8.20016860961914,1,2025-12-29T12:07:09.645255,True,
262144,1,16384,5.0,16000.0,0.32,40,15,2.0,cubic,15.005694407969713,1631400,106.17063224037473,0,0.0,0.0,64240,313344,179689.4755614267,872,11558.0,179731.0,51425.99303944316,24866.95087932484,47327.0,98375.0,159950.0,431,2271,84,651,45,0,0,0,0,0,0,0,0,periodic,191.38407707214355,12.134889431570059,49.22795295715332,58,2025-12-29T12:07:28.716248,True,
262144,1,16384,5.0,16000.0,0.32,40,15,2.0,bbr,15.028572950977832,6660760,432.8187685362885,0,0.0,0.0,64240,313344,174586.92326574173,3996,263.0,222327.0,62490.95707472178,35052.45315432962,51544.0,154236.0,184984.0,629,9370,430,3724,313,0,0,0,0,0,0,0,0,periodic,96.1449146270752,2.9613913133022973,9.562015533447266,2,2025-12-29T12:07:46.968084,True,
262144,1,16384,10.0,16000.0,0.64,40,15,1.0,cubic,15.10234893206507,2674416,172.93563979672106,0,0.0,0.0,64240,313344,180703.79336734695,1202,4983.0,203410.0,47049.803459119496,17124.67397570724,45814.0,69133.0,119262.0,636,3528,58,1062,34,0,0,0,0,0,0,0,0,periodic,112.37597465515137,7.863900860686186,35.14981269836426,15,2025-12-29T12:08:05.906437,True,
262144,1,16384,10.0,16000.0,0.64,40,15,1.0,bbr,15.069405789952725,6877960,445.72147741739667,0,0.0,0.0,64240,313344,173642.92187180012,4198,270.0,204882.0,68948.84502923976,41683.661525668664,51743.0,167152.0,194937.0,684,9766,515,3880,419,0,0,0,0,0,0,0,0,periodic,69.25415992736816,2.831697463989258,9.220123291015625,1,2025-12-29T12:08:24.305897,True,
262144,1,16384,10.0,16000.0,0.64,40,15,1.25,cubic,15.005893822060898,3429816,223.20760943782233,0,0.0,0.0,64240,313344,177164.55012224938,1316,71.0,166351.0,49694.41,18771.15385146138,47595.0,72602.0,154438.0,600,4499,99,1517,81,0,0,0,0,0,0,0,0,periodic,86.87210083007812,5.947884402998768,31.095027923583984,30,2025-12-29T12:08:43.217432,True,
262144,1,16384,10.0,16000.0,0.64,40,15,1.25,bbr,15.098408304154873,6447448,417.019848096659,0,0.0,0.0,64240,313344,173497.23973794657,4231,53.0,293112.0,67011.43396226416,41361.52737826843,51613.0,160569.0,192981.0,636,9769,737,3960,551,0,0,0,0,0,0,0,0,periodic,85.47687530517578,2.869565793511506,10.675907135009766,3,2025-12-29T12:09:01.657297,True,
262144,1,16384,10.0,16000.0,0.64,40,15,1.5,cubic,15.062598640099168,1994848,129.33317792946082,0,0.0,0.0,64240,313344,179627.51986754968,1016,29.0,208400.0,48207.15157480315,21646.35702949309,45097.0,75835.0,155339.0,508,2718,67,791,41,0,0,0,0,0,0,0,0,periodic,86.69900894165039,10.175507347863,41.61214828491211,31,2025-12-29T12:09:20.658829,True,
262144,1,16384,10.0,16000.0,0.64,40,15,1.5,bbr,15.021685847081244,7971200,518.2091463797005,0,0.0,0.0,64240,313344,170735.47704646018,4814,1484.0,245164.0,68392.1847649919,41502.2205901173,53237.0,170326.0,209127.0,617,10848,456,4309,354,0,0,0,0,0,0,0,0,periodic,81.12096786499023,2.4958914457259307,8.14199447631836,4,2025-12-29T12:09:38.938982,True,
262144,1,16384,10.0,16000.0,0.64,40,15,1.75,cubic,15.078675837954506,2765184,179.08568557478313,0,0.0,0.0,64240,313344,178942.12379679145,1216,11753.0,190645.0,48724.198214285716,18991.123349334543,46252.0,74959.0,142789.0,560,3740,97,1221,66,0,0,0,0,0,0,0,0,periodic,102.7979850769043,7.324932923656008,34.707069396972656,37,2025-12-29T12:09:57.972096,True,
262144,1,16384,10.0,16000.0,0.64,40,15,1.75,bbr,15.013921183999628,5555480,361.3495349423925,0,0.0,0.0,64240,313344,177352.86557088347,3664,85.0,269302.0,60289.26412429378,36862.69471792152,51085.0,147048.0,179097.0,708,10221,1497,4213,895,0,0,0,0,0,0,0,0,periodic,61.818838119506836,2.802810012894189,13.077020645141602,2,2025-12-29T12:10:16.402862,True,
262144,1,16384,10.0,16000.0,0.64,40,15,2.0,cubic,15.063661366002634,2426808,157.32759983895576,0,0.0,0.0,64240,313344,175519.92262773722,1138,11490.0,956042.0,51304.572289156626,47636.0462427178,46388.0,72624.0,153173.0,498,3425,164,1105,113,0,0,0,0,0,0,0,0,periodic,661.0379219055176,8.082616995419746,37.529945373535156,32,2025-12-29T12:10:35.324150,True,
262144,1,16384,10.0,16000.0,0.64,40,15,2.0,bbr,15.006623142864555,7212448,469.3531771235985,0,0.0,0.0,64240,313344,167300.30889157113,4605,41.0,223464.0,89041.42265795208,51670.18572245122,59092.0,184478.0,200501.0,459,9942,542,4011,473,0,0,0,0,0,0,0,0,periodic,75.6380558013916,2.6825455217259204,7.664918899536133,3,2025-12-29T12:10:53.845054,True,
