recv_buf,delay_ms,read_size,send_rate_mbps,receiver_capacity_kbps,oversubscription_ratio,net_delay_ms,net_jitter_ms,net_loss_pct,congestion_algo,duration_actual,bytes_transferred,actual_throughput_kbps,zero_window_count,zero_window_duration_ms,zero_window_pct,window_min,window_max,window_mean,window_oscillations,rtt_min_us,rtt_max_us,rtt_mean_us,rtt_stddev_us,rtt_p50_us,rtt_p95_us,rtt_p99_us,rtt_samples,total_packets,retransmit_count,dup_ack_count,timestamp,success,error
131072,2,16384,2.0,8000.0,0.256,30,10,0.1,cubic,10.00391299102921,9636848,940.730330565559,0,0.0,0.0,0,156672,100076.0515905054,2258,602.0,211809.0,39412.669885864794,17641.99310418795,37260.0,52104.0,124905.0,1139,12386,219,0,2025-12-23T18:18:38.122564,True,
131072,2,16384,2.0,8000.0,0.256,30,10,1.0,cubic,10.011346273939125,3934276,383.77120330473565,0,0.0,0.0,61024,156672,101980.31875,1307,3688.0,152874.0,36856.801666666666,15536.15552452828,35144.0,52890.0,126921.0,600,5280,205,0,2025-12-23T18:18:50.839317,True,
131072,2,16384,2.0,8000.0,0.256,30,10,3.0,cubic,10.014270934974775,1351936,131.83685647939038,0,0.0,0.0,64240,156672,104344.97336956521,688,6946.0,169759.0,39644.210191082806,20023.946984736536,36058.0,74971.0,123212.0,314,1840,70,0,2025-12-23T18:19:03.409993,True,
131072,2,16384,2.0,8000.0,0.256,30,30,0.1,cubic,10.016192493960261,712872,69.50386216317081,0,0.0,0.0,64240,156672,108926.36470588236,687,4.0,153665.0,35847.19629629629,27881.3825445368,31251.0,80118.0,136826.0,270,1275,159,0,2025-12-23T18:19:15.879841,True,
131072,2,16384,2.0,8000.0,0.256,30,30,1.0,cubic,10.023280691937543,769840,75.00507050597966,0,0.0,0.0,64240,156672,108261.72268326418,674,9.0,143107.0,42051.688,26936.0053875599,37107.0,93443.0,119889.0,250,1446,214,0,2025-12-23T18:19:28.274091,True,
131072,2,16384,2.0,8000.0,0.256,30,30,3.0,cubic,10.021843734080903,648208,63.16358963444299,0,0.0,0.0,64240,156672,107811.73752151463,627,4.0,247835.0,42886.55870445344,37515.063012577324,36910.0,106825.0,218169.0,247,1162,152,0,2025-12-23T18:19:40.733824,True,
131072,2,16384,2.0,8000.0,0.256,75,10,0.1,cubic,10.001842366997153,6149460,600.4225832498275,0,0.0,0.0,64240,156672,103242.15141345037,1770,60798.0,112096.0,80762.54757281553,6637.629834260785,80630.0,91703.0,97642.0,1030,7747,13,0,2025-12-23T18:19:53.123202,True,
131072,2,16384,2.0,8000.0,0.256,75,10,1.0,cubic,10.095210270024836,2759704,266.9606046247682,0,0.0,0.0,61072,156672,101180.77192490894,762,53235.0,298945.0,83115.68194070082,21319.696470310497,80437.0,98037.0,203084.0,371,3569,74,0,2025-12-23T18:20:05.883404,True,
131072,2,16384,2.0,8000.0,0.256,75,10,3.0,cubic,10.02729923906736,1252352,121.96703926368026,0,0.0,0.0,64240,156672,102091.00307503075,379,52842.0,354780.0,93269.90055248619,47670.59857557534,80444.0,170745.0,343138.0,181,1626,35,0,2025-12-23T18:20:18.694509,True,
131072,2,16384,2.0,8000.0,0.256,75,30,0.1,cubic,10.010151281952858,1955752,190.79772210269724,0,0.0,0.0,64240,156672,106408.1012173913,728,240.0,237108.0,91103.0338028169,26488.005693653617,90173.0,127549.0,201032.0,355,2875,159,0,2025-12-23T18:20:31.316853,True,
131072,2,16384,2.0,8000.0,0.256,75,30,1.0,cubic,10.044453672948293,2406844,234.00312951616115,0,0.0,0.0,64240,156672,102380.9105530474,774,264.0,345556.0,97022.3903345725,40272.54197484059,94206.0,145182.0,278449.0,269,3544,261,0,2025-12-23T18:20:43.909362,True,
131072,2,16384,2.0,8000.0,0.256,75,30,3.0,cubic,10.032782579073682,420872,40.96648255462823,0,0.0,0.0,64240,156672,106147.13509060956,241,7006.0,181512.0,90810.91452991453,32756.829400950137,86334.0,156955.0,174563.0,117,607,32,0,2025-12-23T18:20:56.576839,True,
131072,2,16384,2.0,8000.0,0.256,150,10,0.1,cubic,10.003159358981065,4313288,421.0864949100501,0,0.0,0.0,64240,156672,100603.04853823088,508,132242.0,262744.0,157405.22262118492,9364.305145544857,157891.0,170307.0,175670.0,557,5336,10,0,2025-12-23T18:21:09.154831,True,
131072,2,16384,2.0,8000.0,0.256,150,10,1.0,cubic,10.378475484088995,1575212,148.219550270974,0,0.0,0.0,60348,156672,101842.22936708861,381,129992.0,461574.0,161341.54761904763,35098.143911311905,155424.0,191001.0,377662.0,210,1975,15,0,2025-12-23T18:21:22.142338,True,
131072,2,16384,2.0,8000.0,0.256,150,10,3.0,cubic,11.223500038962811,1350508,117.50839436642246,0,0.0,0.0,64240,156672,100078.32881906825,243,136764.0,715863.0,202162.58974358975,132604.0694658675,159239.0,653864.0,707266.0,117,1846,63,0,2025-12-23T18:21:35.426207,True,
131072,2,16384,2.0,8000.0,0.256,150,30,0.1,cubic,10.018244583974592,1897832,184.9976357599277,0,0.0,0.0,64240,156672,105727.86216216216,664,104880.0,599251.0,167027.74143302182,32219.91666498961,166862.0,199580.0,214321.0,321,2590,17,0,2025-12-23T18:21:49.596369,True,
131072,2,16384,2.0,8000.0,0.256,150,30,1.0,cubic,10.024356218986213,730744,71.18833089235228,0,0.0,0.0,64240,156672,104848.47804391218,283,110082.0,652638.0,188516.95652173914,95563.77208949019,168371.0,425758.0,639783.0,115,1002,25,0,2025-12-23T18:22:02.398903,True,
131072,2,16384,2.0,8000.0,0.256,150,30,3.0,cubic,10.056542810983956,674272,65.4766516064355,0,0.0,0.0,0,156672,103195.2193877551,306,88002.0,514704.99999999994,192597.19834710745,89193.81416471612,162856.0,414066.0,505220.0,121,980,36,0,2025-12-23T18:22:15.237397,True,
131072,2,16384,5.0,8000.0,0.64,30,10,0.1,cubic,10.0094554919051,13806184,1346.9865142418307,0,0.0,0.0,58644,156672,96841.71198717569,2931,14662.0,187467.0,39054.96359583952,10787.112820302373,38373.0,49882.0,55501.0,1346,16843,156,0,2025-12-23T18:22:28.163040,True,
131072,2,16384,5.0,8000.0,0.64,30,10,1.0,cubic,10.015795005951077,4196184,409.137361044749,0,0.0,0.0,64240,156672,103775.52631578948,1475,10176.0,227877.0,35794.13165266106,12657.267730661177,34615.0,49519.0,72754.0,714,5263,72,0,2025-12-23T18:22:41.006217,True,
131072,2,16384,5.0,8000.0,0.64,30,10,3.0,cubic,10.009033382986672,1493840,145.75114990421673,0,0.0,0.0,64240,156672,104867.046063203,702,2986.0,130055.0,37598.659217877095,18135.79709603216,34086.0,71171.0,113626.0,358,1867,78,0,2025-12-23T18:22:53.518307,True,
131072,2,16384,5.0,8000.0,0.64,30,30,0.1,cubic,10.002349613932893,762600,74.45516216136099,0,0.0,0.0,64240,156672,108839.59051094891,669,5.0,124996.0,35755.88888888889,24119.34540350852,33925.0,80674.0,106454.0,279,1370,164,0,2025-12-23T18:23:05.994910,True,
131072,2,16384,5.0,8000.0,0.64,30,30,1.0,cubic,10.00608853297308,677168,66.0894487212288,0,0.0,0.0,64240,156672,108754.01708706265,631,4.0,175931.0,41538.02205882353,31769.9734532483,37581.0,106602.0,167606.0,272,1229,156,0,2025-12-23T18:23:18.342026,True,
131072,2,16384,5.0,8000.0,0.64,30,30,3.0,cubic,10.031295282067731,678616,66.06434352348131,0,0.0,0.0,64240,156672,108068.05325443787,597,5.0,216216.0,42273.691666666666,32169.09201619774,37676.0,92721.0,152651.0,240,1183,147,0,2025-12-23T18:23:30.646140,True,
131072,2,16384,5.0,8000.0,0.64,75,10,0.1,cubic,10.010635395068675,8350320,814.5945839778592,0,0.0,0.0,63248,156672,98390.0494183156,854,55396.0,311484.0,83076.25847953216,12761.153185066016,82912.0,96189.0,101795.0,855,10057,10,0,2025-12-23T18:23:43.156055,True,
131072,2,16384,5.0,8000.0,0.64,75,10,1.0,cubic,10.065465259016491,1623864,157.5490696845295,0,0.0,0.0,64240,156672,103700.34658264663,566,53769.0,328603.0,84188.20943952803,31191.363060842712,79363.0,106081.0,300173.0,339,2063,38,0,2025-12-23T18:23:56.162303,True,
131072,2,16384,5.0,8000.0,0.64,75,10,3.0,cubic,10.007911049993709,932016,90.94524026575678,0,0.0,0.0,64240,156672,104827.3790459966,362,57865.0,196706.0,83720.25925925926,17989.19302658125,79485.0,120283.0,153830.0,243,1174,17,0,2025-12-23T18:24:08.883585,True,
131072,2,16384,5.0,8000.0,0.64,75,30,0.1,cubic,10.013948444044217,3119944,304.257639184481,0,0.0,0.0,64240,155232,104170.7813727756,1006,1752.0,384897.0,103396.19070904645,42896.25030914307,97862.0,144838.0,332183.0,409,4327,120,0,2025-12-23T18:24:21.441501,True,
131072,2,16384,5.0,8000.0,0.64,75,30,1.0,cubic,10.099994146963581,1511672,146.16267752430443,0,0.0,0.0,64240,156672,104127.02706078268,666,793.0,264896.0,94058.86877828055,35495.95181565812,91562.0,151602.0,223109.0,221,2402,193,0,2025-12-23T18:24:34.142632,True,
131072,2,16384,5.0,8000.0,0.64,75,30,3.0,cubic,10.012964303023182,522232,50.93318742243191,0,0.0,0.0,64240,156672,106902.13873473917,318,18608.0,367785.0,94843.025,49463.57851641322,86643.0,167426.0,332478.0,160,901,106,0,2025-12-23T18:24:46.815984,True,
131072,2,16384,5.0,8000.0,0.64,150,10,0.1,cubic,10.001296534086578,3742184,365.4002808580623,0,0.0,0.0,63056,156672,101103.48410436307,513,122530.0,312767.0,157459.50313152402,14380.3885422395,156658.0,169259.0,205043.0,479,4561,20,0,2025-12-23T18:24:59.289794,True,
131072,2,16384,5.0,8000.0,0.64,150,10,1.0,cubic,10.001313481014222,1086416,106.08137891228363,0,0.0,0.0,64240,156672,105108.64537941398,267,124271.0,432985.0,158977.54183266932,24996.44728719099,154880.0,188607.0,263156.0,251,1331,8,0,2025-12-23T18:25:12.128757,True,
131072,2,16384,5.0,8000.0,0.64,150,10,3.0,cubic,10.001395000028424,375984,36.7120661666654,0,0.0,0.0,64240,156672,103902.72821576764,132,132715.0,612598.0,176260.48888888888,61682.89992610854,156419.0,268741.0,612598.0,90,482,13,0,2025-12-23T18:25:24.993469,True,
131072,2,16384,5.0,8000.0,0.64,150,30,0.1,cubic,10.00314617191907,3275364,319.7591638947689,0,0.0,0.0,61212,156672,101189.75670632144,624,99596.0,328044.0,174344.02702702704,23100.90227251036,173193.0,209478.0,227487.0,333,4287,14,0,2025-12-23T18:25:37.826809,True,
131072,2,16384,5.0,8000.0,0.64,150,30,1.0,cubic,10.018644826021045,1030180,100.41629119709515,0,0.0,0.0,64240,156672,100002.1390261115,307,120726.0,672380.0,201008.16363636364,96629.93756976593,176506.0,430025.0,632607.0,110,1417,37,0,2025-12-23T18:25:50.756433,True,
131072,2,16384,5.0,8000.0,0.64,150,30,3.0,cubic,10.019755373941734,627936,61.200970194820435,0,0.0,0.0,64240,156672,105672.07266435986,306,52626.0,579809.0,189532.00900900902,84502.9335739507,170760.0,414810.0,512352.00000000006,111,867,22,0,2025-12-23T18:26:03.545234,True,
131072,2,16384,10.0,8000.0,1.28,30,10,0.1,cubic,10.004412468988448,10656860,1040.2499772984936,0,0.0,0.0,64240,156672,99422.00840766194,2431,156.0,171811.0,37870.09225700165,10933.339661011805,37730.0,49118.0,55084.0,1214,13678,354,0,2025-12-23T18:26:16.344278,True,
131072,2,16384,10.0,8000.0,1.28,30,10,1.0,cubic,10.00544560700655,3911848,381.808488352067,0,0.0,0.0,64240,156672,104368.18183541903,1484,11642.0,215719.0,35632.39271255061,13739.44718437196,34448.0,49956.0,93602.0,741,5274,97,0,2025-12-23T18:26:29.134839,True,
131072,2,16384,10.0,8000.0,1.28,30,10,3.0,cubic,10.02387252508197,1566240,152.58885686871724,0,0.0,0.0,64240,156672,105888.52944162437,725,1652.0,140464.0,36439.735,15296.557688407382,34299.0,60621.0,112045.0,400,1970,47,0,2025-12-23T18:26:41.649042,True,
131072,2,16384,10.0,8000.0,1.28,30,30,0.1,cubic,10.02362039394211,808936,78.8115003813823,0,0.0,0.0,64240,156672,108733.458249833,756,3.0,148864.0,39144.43006993007,24201.38076351212,36550.0,80544.0,111440.0,286,1497,209,0,2025-12-23T18:26:54.041694,True,
131072,2,16384,10.0,8000.0,1.28,30,30,1.0,cubic,10.248257611994632,836448,79.70562225562719,0,0.0,0.0,64240,156672,108441.73345935727,759,7.0,280810.0,36586.67037037037,29134.566527145682,33146.0,83107.0,115203.0,270,1587,234,0,2025-12-23T18:27:06.527636,True,
131072,2,16384,10.0,8000.0,1.28,30,30,3.0,cubic,10.030763463000767,617800,60.14699825445918,0,0.0,0.0,64240,156672,108125.03639672429,592,3.0,395380.0,40377.27232142857,37984.038496475514,35845.0,91509.0,140907.0,224,1099,135,0,2025-12-23T18:27:19.146382,True,
131072,2,16384,10.0,8000.0,1.28,75,10,0.1,cubic,10.008598042069934,7294028,711.6955030873472,0,0.0,0.0,0,156672,99026.70242557883,1056,51521.0,219310.0,82936.09467455621,10611.785769244425,82479.0,95431.0,103467.0,845,9070,43,0,2025-12-23T18:27:31.568909,True,
131072,2,16384,10.0,8000.0,1.28,75,10,1.0,cubic,10.021432126057334,2944784,286.9615429038877,0,0.0,0.0,63012,156672,101171.62261580382,756,57500.0,368006.0,86840.12335958006,36205.068468973375,80723.0,98178.0,292716.0,381,3670,42,0,2025-12-23T18:27:44.375047,True,
131072,2,16384,10.0,8000.0,1.28,75,10,3.0,cubic,10.154185488005169,921880,88.6603301233236,0,0.0,0.0,64240,156672,102930.06758957655,362,55917.0,340242.0,89017.73366834171,34361.013562314634,80624.0,147716.0,266700.0,199,1228,28,0,2025-12-23T18:27:57.051030,True,
131072,2,16384,10.0,8000.0,1.28,75,30,0.1,cubic,10.051380477030762,1246232,121.08022776385002,0,0.0,0.0,64240,156672,108056.53563829788,574,2078.0,180104.0,89111.5457746479,25118.527014991032,91090.0,126931.99999999999,159566.0,284,1880,111,0,2025-12-23T18:28:09.875433,True,
131072,2,16384,10.0,8000.0,1.28,75,30,1.0,cubic,10.053841187967919,1304152,126.67655214448608,0,0.0,0.0,64240,156672,105427.83864229765,571,185.0,324542.0,100956.74319066148,43846.28173610516,93639.0,184497.0,297523.0,257,1915,77,0,2025-12-23T18:28:22.458798,True,
131072,2,16384,10.0,8000.0,1.28,75,30,3.0,cubic,10.086813464993611,777080,75.23358988779324,0,0.0,0.0,64240,156672,105214.54718693285,361,28022.0,282784.0,103432.33116883117,47420.62043871764,93163.0,207366.0,263425.0,154,1102,68,0,2025-12-23T18:28:35.136923,True,
131072,2,16384,10.0,8000.0,1.28,150,10,0.1,cubic,10.006544503034092,4395952,429.01142084546166,0,0.0,0.0,0,156672,100790.59357911449,604,126488.99999999999,236596.0,156748.2697368421,9217.638397366783,156756.0,170167.0,177104.0,608,5669,4,0,2025-12-23T18:28:47.679432,True,
131072,2,16384,10.0,8000.0,1.28,150,10,1.0,cubic,10.351595190004446,1088856,102.72193975733931,0,0.0,0.0,64240,156672,104853.58082575227,357,130517.0,530156.0,160677.8612244898,42162.09355523434,153813.0,193498.0,490313.0,245,1429,14,0,2025-12-23T18:29:00.672062,True,
131072,2,16384,10.0,8000.0,1.28,150,10,3.0,cubic,10.036738220020197,938688,91.33320805074811,0,0.0,0.0,0,156672,100686.98301158301,273,123225.0,1024171.0,205023.40425531915,163304.4534382937,157571.0,700678.0,990705.0,141,1295,49,0,2025-12-23T18:29:13.902298,True,
131072,2,16384,10.0,8000.0,1.28,150,30,0.1,cubic,10.004643367952667,3274164,319.5941787882356,0,0.0,0.0,0,156672,101858.31289167413,800,46392.0,1194040.0,174258.5103926097,53204.29310674959,171704.0,202029.0,214947.0,433,4468,17,0,2025-12-23T18:29:26.824328,True,
131072,2,16384,10.0,8000.0,1.28,150,30,1.0,cubic,10.015666789957322,1690648,164.8440859829199,0,0.0,0.0,61104,156672,101588.04093836246,376,110232.0,1253319.0,181077.4463276836,98588.12251663212,166218.0,294292.0,537794.0,177,2174,49,0,2025-12-23T18:29:40.743732,True,
131072,2,16384,10.0,8000.0,1.28,150,30,3.0,cubic,10.08572177705355,1068720,103.48013737346015,0,0.0,0.0,0,156672,101991.67954696869,384,108007.0,618271.0,198767.62096774194,100496.1558486108,173254.0,422770.0,608967.0,124,1501,49,0,2025-12-23T18:29:54.816838,True,
131072,5,16384,2.0,3200.0,0.64,30,10,0.1,cubic,10.001512211980298,11547372,1127.5025445894255,0,0.0,0.0,64240,156672,96260.90597398985,2623,206.0,164726.0,39092.20377978636,14202.41551357603,37405.0,50084.0,133048.0,1217,14379,173,0,2025-12-23T18:30:07.834053,True,
131072,5,16384,2.0,3200.0,0.64,30,10,1.0,cubic,10.001814107061364,3393476,331.3340330840912,0,0.0,0.0,64240,156672,102017.70423172663,1229,12454.0,314463.0,37407.21863799283,20406.294888617816,34894.0,51804.0,105819.0,558,4419,151,0,2025-12-23T18:30:20.638606,True,
131072,5,16384,2.0,3200.0,0.64,30,10,3.0,cubic,10.015893231960945,1670496,162.87551316884498,0,0.0,0.0,64240,156672,100744.59802235597,807,3709.0,153801.0,39597.57777777778,21467.414372318795,34193.0,87995.0,123228.0,360,2326,120,0,2025-12-23T18:30:33.153943,True,
131072,5,16384,2.0,3200.0,0.64,30,30,0.1,cubic,10.030075805960223,839344,81.72140379167645,0,0.0,0.0,64240,156672,108581.77364644488,759,7.0,112683.0,36669.00711743772,23279.64371188405,34149.0,77148.0,100511.0,281,1533,210,0,2025-12-23T18:30:45.656272,True,
131072,5,16384,2.0,3200.0,0.64,30,30,1.0,cubic,10.009066591970623,703232,68.61279158147654,0,0.0,0.0,64240,156672,108779.31294678316,645,4.0,120698.0,38406.992,24724.58521116049,36443.0,81538.0,104250.0,250,1259,157,0,2025-12-23T18:30:58.022946,True,
131072,5,16384,2.0,3200.0,0.64,30,30,3.0,cubic,10.021006445982493,711424,69.32936364675538,0,0.0,0.0,64240,156672,108430.52768987342,675,3.0,285868.0,40201.21370967742,33260.81034001561,35363.0,94698.0,146047.0,248,1264,166,0,2025-12-23T18:31:10.369747,True,
131072,5,16384,2.0,3200.0,0.64,75,10,0.1,cubic,10.008988735964522,7448960,726.7842128607411,0,0.0,0.0,61020,156672,98898.35544554456,1050,55720.0,217111.0,83220.200968523,11489.342215741102,82815.0,94748.0,104764.0,826,9090,31,0,2025-12-23T18:31:22.826706,True,
131072,5,16384,2.0,3200.0,0.64,75,10,1.0,cubic,10.005099147907458,3016708,294.4502460893803,0,0.0,0.0,58756,156672,101419.30545359202,755,48014.0,408991.0,86245.29126213593,38115.631052072196,79841.0,101432.0,343929.0,412,3814,48,0,2025-12-23T18:31:35.608032,True,
131072,5,16384,2.0,3200.0,0.64,75,10,3.0,cubic,10.039104891009629,930568,90.52179675040796,0,0.0,0.0,64240,156672,104875.78863826233,438,52192.0,212373.0,82804.31081081081,18532.07893045132,79374.0,113500.0,171987.0,222,1197,21,0,2025-12-23T18:31:48.315405,True,
131072,5,16384,2.0,3200.0,0.64,75,30,0.1,cubic,10.039953391999006,755360,73.47207912218494,0,0.0,0.0,64240,156672,108219.42529711375,449,1788.0,229206.0,89456.86497890296,36445.35926328441,88741.0,147211.0,214830.0,237,1178,94,0,2025-12-23T18:32:00.947043,True,
131072,5,16384,2.0,3200.0,0.64,75,30,1.0,cubic,10.0519680660218,1875040,182.16271062276462,0,0.0,0.0,64240,156672,102641.54654346338,716,2222.0,305460.0,102727.59375,43530.48672158139,97742.0,214618.0,268707.0,256,2922,249,0,2025-12-23T18:32:13.461883,True,
131072,5,16384,2.0,3200.0,0.64,75,30,3.0,cubic,10.014553120941855,656896,64.0567773971394,0,0.0,0.0,64240,156672,104892.81098696461,380,9861.0,412157.0,100414.85,56671.14280792361,90742.0,220344.0,304613.0,140,1074,107,0,2025-12-23T18:32:26.282935,True,
131072,5,16384,2.0,3200.0,0.64,150,10,0.1,cubic,10.004926000954583,2986800,291.5360768007384,0,0.0,0.0,60860,156672,102999.93156790771,577,126726.0,238767.0,156008.02762430938,10478.593555249012,155383.0,170469.0,193812.0,543,3814,4,0,2025-12-23T18:32:38.992307,True,
131072,5,16384,2.0,3200.0,0.64,150,10,1.0,cubic,10.073861788026989,2691856,260.94914545327066,0,0.0,0.0,62768,156672,99194.28128760529,197,133251.0,666563.0,164717.39130434784,54274.43222287687,156507.0,171521.0,499806.0,253,3324,31,0,2025-12-23T18:32:51.816167,True,
131072,5,16384,2.0,3200.0,0.64,150,10,3.0,cubic,10.073004540987313,353272,34.24918415317078,0,0.0,0.0,0,156672,103826.214,111,136146.0,600483.0,180960.51,69765.29581539736,157568.0,314932.0,600483.0,100,500,14,0,2025-12-23T18:33:04.866232,True,
131072,5,16384,2.0,3200.0,0.64,150,30,0.1,cubic,10.062557176919654,3926620,381.07508621619013,0,0.0,0.0,64240,156672,98554.34778163975,372,106920.0,325377.0,176729.8496732026,25554.3043469616,177608.0,213315.0,231942.0,306,4891,32,0,2025-12-23T18:33:17.814506,True,
131072,5,16384,2.0,3200.0,0.64,150,30,1.0,cubic,10.139414540026337,1748240,168.37911284329098,0,0.0,0.0,57020,156672,102172.34590945195,522,3184.0,859252.0,187336.92173913043,97391.92280593578,170245.0,249687.0,651428.0,230,2518,88,0,2025-12-23T18:33:30.797913,True,
131072,5,16384,2.0,3200.0,0.64,150,30,3.0,cubic,10.001490314956754,749568,73.18909252007461,0,0.0,0.0,64240,156672,105886.27727727727,315,107648.0,468874.0,168540.32061068702,37905.34836364078,167184.0,214623.0,276211.0,131,999,16,0,2025-12-23T18:33:43.768969,True,
131072,5,16384,5.0,3200.0,1.6,30,10,0.1,cubic,10.009995041997172,10864996,1059.975315845216,0,0.0,0.0,64240,156672,99517.55124954726,2879,16882.0,137678.0,38196.62905718702,9885.540407501076,37953.0,48362.0,55672.0,1294,13805,208,0,2025-12-23T18:33:56.603407,True,
131072,5,16384,5.0,3200.0,1.6,30,10,1.0,cubic,10.023904839064926,3238680,315.52309087912664,0,0.0,0.0,64240,156672,105466.1811525744,1301,3229.0,104563.0,34831.11078717201,8916.65071826064,34597.0,47891.0,57435.0,686,4234,58,0,2025-12-23T18:34:09.346948,True,
131072,5,16384,5.0,3200.0,1.6,30,10,3.0,cubic,10.016065741074272,1441712,140.56635723009876,0,0.0,0.0,64240,156672,105681.14808917197,706,9403.0,125569.99999999999,36877.925072046106,15552.272270209265,34525.0,61742.0,104171.0,347,1884,52,0,2025-12-23T18:34:21.884615,True,
131072,5,16384,5.0,3200.0,1.6,30,30,0.1,cubic,10.051597537007183,730744,70.99539997225916,0,0.0,0.0,64240,156672,108931.46165527715,685,9.0,152411.0,37139.79003558719,27460.85869821735,34269.0,87151.0,118051.0,281,1317,166,0,2025-12-23T18:34:34.311617,True,
131072,5,16384,5.0,3200.0,1.6,30,30,1.0,cubic,10.020596070913598,685856,66.8404599147698,0,0.0,0.0,64240,156672,108323.23143759873,629,6.0,172056.0,41161.40254237288,26010.612179988962,39088.0,85149.0,114242.0,236,1266,165,0,2025-12-23T18:34:46.792779,True,
131072,5,16384,5.0,3200.0,1.6,30,30,3.0,cubic,10.122134516015649,622144,60.02316003987994,0,0.0,0.0,64240,156672,108072.62477396021,583,12.0,171449.0,40687.5,28185.64149947142,35365.0,91973.0,145326.0,226,1106,139,0,2025-12-23T18:34:59.139294,True,
131072,5,16384,5.0,3200.0,1.6,75,10,0.1,cubic,10.012971334974281,5048120,492.34183566277653,0,0.0,0.0,58052,156672,100777.08174996008,1055,49357.0,187670.0,81009.07153284672,10285.365465475046,80235.0,93813.0,111097.0,685,6263,19,0,2025-12-23T18:35:11.641003,True,
131072,5,16384,5.0,3200.0,1.6,75,10,1.0,cubic,10.002685941988602,2392628,233.5923365784968,0,0.0,0.0,64240,156672,98274.3603454002,452,51971.0,375301.0,97300.08571428571,59177.67118195159,81888.0,289816.0,355640.0,245,3011,71,0,2025-12-23T18:35:24.365089,True,
131072,5,16384,5.0,3200.0,1.6,75,10,3.0,cubic,10.004827211028896,713368,69.63123128523843,0,0.0,0.0,64240,156672,104620.70034843206,235,53877.0,153306.0,83649.05128205128,17564.71559361408,80713.0,125820.99999999999,146621.0,195,861,10,0,2025-12-23T18:35:36.975832,True,
131072,5,16384,5.0,3200.0,1.6,75,30,0.1,cubic,10.055274612037465,1602440,155.628053223592,0,0.0,0.0,64240,156672,106116.22388579386,661,7.0,356834.0,98214.65806451613,46097.01878492007,93372.0,147943.0,316950.0,310,2872,335,0,2025-12-23T18:35:49.555497,True,
131072,5,16384,5.0,3200.0,1.6,75,30,1.0,cubic,10.030495579005219,1188312,115.69328039274102,0,0.0,0.0,64240,156672,106303.44756029165,520,1903.0,272192.0,90251.85589519651,35454.794504355064,88830.0,156109.0,207865.0,229,1783,102,0,2025-12-23T18:36:02.239632,True,
131072,5,16384,5.0,3200.0,1.6,75,30,3.0,cubic,10.112514722975902,1065560,102.90080815761495,0,0.0,0.0,64240,156672,103005.86366366367,468,1845.0,326768.0,110080.3288590604,59188.55302698964,92897.0,261564.00000000003,308873.0,149,1665,134,0,2025-12-23T18:36:14.806660,True,
131072,5,16384,5.0,3200.0,1.6,150,10,0.1,cubic,10.001477104029618,3668180,358.1677980152272,0,0.0,0.0,60328,156672,99950.23792566214,268,127113.0,329478.0,158366.17920353982,15800.989097981279,157361.0,172469.0,201245.0,452,4493,8,0,2025-12-23T18:36:27.401744,True,
131072,5,16384,5.0,3200.0,1.6,150,10,1.0,cubic,10.238824149942957,1882896,179.58757744757676,0,0.0,0.0,64240,156672,99468.88100961539,207,126094.00000000001,724358.0,173191.3148148148,88869.29210510233,155528.0,213145.0,684461.0,216,2496,50,0,2025-12-23T18:36:40.379043,True,
131072,5,16384,5.0,3200.0,1.6,150,10,3.0,cubic,10.037996654980816,417976,40.66346119944788,0,0.0,0.0,0,156672,103960.34391534391,121,128558.0,374827.0,166269.58095238096,35989.524461003384,155962.0,232357.0,324344.0,105,567,10,0,2025-12-23T18:36:53.443069,True,
131072,5,16384,5.0,3200.0,1.6,150,30,0.1,cubic,10.002668658969924,1605336,156.729268053296,0,0.0,0.0,64240,156672,105842.76141885326,556,105716.0,548971.0,168881.6582278481,33035.543974277774,167923.0,205174.0,229204.0,237,2058,22,0,2025-12-23T18:37:06.372362,True,
131072,5,16384,5.0,3200.0,1.6,150,30,1.0,cubic,10.270772462943569,700792,66.63249429087855,0,0.0,0.0,64240,156672,105773.86826923076,294,90145.0,561417.0,177666.00662251655,58722.13640330338,170519.0,227601.0,556519.0,151,1040,37,0,2025-12-23T18:37:19.243397,True,
131072,5,16384,5.0,3200.0,1.6,150,30,3.0,cubic,10.521316622034647,402048,37.317097669861106,0,0.0,0.0,64240,156672,105465.13708260105,171,90217.0,321532.0,166231.28421052633,39621.5054286812,159524.0,271595.0,321532.0,95,569,15,0,2025-12-23T18:37:32.240782,True,
131072,5,16384,10.0,3200.0,3.2,30,10,0.1,cubic,10.006427111919038,10182120,993.7089883616845,0,0.0,0.0,64240,156672,97154.16957702755,2370,136.0,145778.0,37734.52227074236,11254.663710032532,36806.0,48864.0,69430.0,1145,12885,201,0,2025-12-23T18:37:45.492945,True,
131072,5,16384,10.0,3200.0,3.2,30,10,1.0,cubic,10.019575230078772,3244472,316.2239530861919,0,0.0,0.0,64240,156672,105877.08721482889,1356,3627.0,120269.0,34615.36935704514,8919.32337264542,34060.0,48192.0,57407.0,731,4208,71,0,2025-12-23T18:37:58.242988,True,
131072,5,16384,10.0,3200.0,3.2,30,10,3.0,cubic,10.107482122024521,1428680,138.03589218919572,0,0.0,0.0,64240,156672,106356.10408719347,711,1794.0,333977.0,37402.635,22224.94215946973,34653.0,60193.0,133987.0,400,1835,52,0,2025-12-23T18:38:10.719259,True,
131072,5,16384,10.0,3200.0,3.2,30,30,0.1,cubic,10.016639578039758,720608,70.2549736882633,0,0.0,0.0,64240,156672,108795.60973724884,659,4.0,169217.0,39496.53183520599,26698.594854416915,37351.0,82633.0,137641.0,267,1294,163,0,2025-12-23T18:38:23.237281,True,
131072,5,16384,10.0,3200.0,3.2,30,30,1.0,cubic,10.071027599973604,766944,74.36865231130565,0,0.0,0.0,64240,156672,108588.99097222222,703,2.0,135342.0,38643.16349809886,26111.62718868644,35959.0,89408.0,115596.0,263,1440,210,0,2025-12-23T18:38:35.596974,True,
131072,5,16384,10.0,3200.0,3.2,30,30,3.0,cubic,10.045474002021365,729296,70.89791132371548,0,0.0,0.0,64240,156672,108400.1465848043,653,6.0,215438.0,37223.748062015504,30500.86070018404,31705.999999999996,91213.0,151632.0,258,1303,166,0,2025-12-23T18:38:48.121318,True,
131072,5,16384,10.0,3200.0,3.2,75,10,0.1,cubic,10.01563082903158,7850080,765.4129710710636,0,0.0,0.0,64240,156672,98798.78347844112,1197,59884.0,293659.0,82899.58764044943,11433.666375692172,82835.0,95155.0,102885.0,890,9648,19,0,2025-12-23T18:39:00.676326,True,
131072,5,16384,10.0,3200.0,3.2,75,10,1.0,cubic,10.013442147057503,3042960,296.76514642602,0,0.0,0.0,64240,156672,99290.91905257678,628,57876.0,384365.0,92614.83219178082,51239.33938013108,80741.0,198747.0,371588.0,292,3842,72,0,2025-12-23T18:39:13.560372,True,
131072,5,16384,10.0,3200.0,3.2,75,10,3.0,cubic,10.01242960896343,741376,72.31012134675616,0,0.0,0.0,64240,156672,104083.43705941591,337,54236.0,1080670.0,94460.91061452514,81040.19811099369,79131.0,185030.0,287510.0,179,993,28,0,2025-12-23T18:39:26.275866,True,
131072,5,16384,10.0,3200.0,3.2,75,30,0.1,cubic,10.046137648983859,3485768,338.8436861448253,0,0.0,0.0,64240,156672,101737.04619826756,971,173.0,294978.0,97686.21502590674,35946.48289464791,95112.0,142782.0,256025.0,386,5195,325,0,2025-12-23T18:39:40.937765,True,
131072,5,16384,10.0,3200.0,3.2,75,30,1.0,cubic,10.031785957980901,969664,94.39371054828509,0,0.0,0.0,64240,156672,106693.3257852447,463,22.0,327561.0,89671.87982832619,40460.33480513352,85870.0,161261.0,251432.0,233,1369,76,0,2025-12-23T18:39:53.721888,True,
131072,5,16384,10.0,3200.0,3.2,75,30,3.0,cubic,10.02179771300871,667032,64.99816262051047,0,0.0,0.0,64240,156672,105888.29603960396,316,312.0,324252.0,99947.51908396947,46049.61301481828,92075.0,190232.0,264289.0,131,1010,87,0,2025-12-23T18:40:06.273977,True,
131072,5,16384,10.0,3200.0,3.2,150,10,0.1,cubic,10.003791572991759,3881976,378.9555349928444,0,0.0,0.0,59744,156672,99144.26002909998,339,135251.0,382071.0,158556.7219827586,16480.787279745055,157110.0,170857.0,209223.0,464,4811,10,0,2025-12-23T18:40:18.793178,True,
131072,5,16384,10.0,3200.0,3.2,150,10,1.0,cubic,10.040750726009719,1362956,132.5609762726333,0,0.0,0.0,64240,156672,101092.29349046016,390,120436.0,629315.0,169874.90303030302,67351.195862882,155699.0,207718.0,574581.0,165,1782,50,0,2025-12-23T18:40:31.787941,True,
131072,5,16384,10.0,3200.0,3.2,150,10,3.0,cubic,10.88510466599837,405400,36.370659690270294,0,0.0,0.0,64240,156672,103895.12154696132,171,133496.0,452772.0,179485.54,59357.81553113625,158337.0,323168.0,452772.0,100,543,14,0,2025-12-23T18:40:44.577029,True,
131072,5,16384,10.0,3200.0,3.2,150,30,0.1,cubic,10.007712236023508,4069788,397.13395529538127,0,0.0,0.0,0,156672,100035.35894473329,379,87716.0,437556.0,177557.34402332362,26204.2399221794,178345.0,213063.0,228693.0,343,5193,23,0,2025-12-23T18:40:58.286190,True,
131072,5,16384,10.0,3200.0,3.2,150,30,1.0,cubic,10.046660089981742,1042748,101.35792239705908,0,0.0,0.0,64240,156672,103113.05801305294,402,88041.0,598459.0,184759.26785714287,86123.34635225454,165835.0,352090.0,595351.0,168,1379,31,0,2025-12-23T18:41:11.139946,True,
131072,5,16384,10.0,3200.0,3.2,150,30,3.0,cubic,10.021136724972166,578320,56.3574413262552,0,0.0,0.0,64240,156672,103031.7225647349,237,99213.0,653094.0,213959.4705882353,118429.53947395827,173620.0,498856.0,653094.0,68,811,34,0,2025-12-23T18:41:23.897716,True,
262144,2,16384,2.0,8000.0,0.256,30,10,0.1,cubic,10.007483259076253,12083064,1179.1043644063207,0,0.0,0.0,64240,313344,162624.22622414984,3288,557.0,166666.0,42296.708041958045,20217.986678211928,38620.0,61945.0,144362.0,1144,15909,467,0,2025-12-23T18:41:36.756250,True,
262144,2,16384,2.0,8000.0,0.256,30,10,1.0,cubic,10.000414325972088,3292256,321.4960545834662,0,0.0,0.0,64240,313344,180399.30283475455,1302,6573.0,125404.99999999999,35090.336956521736,9912.568820038718,34021.0,47953.0,61740.0,736,4339,43,0,2025-12-23T18:41:49.575524,True,
262144,2,16384,2.0,8000.0,0.256,30,10,3.0,cubic,10.067183871986344,1823176,176.85634186680474,0,0.0,0.0,64240,313344,173300.71957463567,877,15815.0,1030804.0,41973.13636363636,57237.69287302607,35001.0,72974.0,121591.0,330,2539,147,0,2025-12-23T18:42:02.068325,True,
262144,2,16384,2.0,8000.0,0.256,30,30,0.1,cubic,10.044078052975237,781424,75.97604986492047,0,0.0,0.0,64240,313344,185595.75781818182,680,7.0,138941.0,36503.97879858657,23639.084215569506,33854.0,77306.0,100717.0,283,1375,161,0,2025-12-23T18:42:15.564734,True,
262144,2,16384,2.0,8000.0,0.256,30,30,1.0,cubic,10.007608519052155,711920,69.47058067633598,0,0.0,0.0,64240,313344,184787.09223674098,662,3.0,150025.0,37811.805555555555,26666.922049035475,35579.0,88660.0,118893.0,252,1301,176,0,2025-12-23T18:42:28.033406,True,
262144,2,16384,2.0,8000.0,0.256,30,30,3.0,cubic,10.10361248406116,651104,62.93231762432181,0,0.0,0.0,64240,313344,182814.44115156648,616,9.0,135687.0,39055.55458515284,26226.69542956789,36783.0,80681.0,116103.0,229,1181,157,0,2025-12-23T18:42:40.445574,True,
262144,2,16384,2.0,8000.0,0.256,75,10,0.1,cubic,10.00638458901085,5821912,568.1833320442082,0,0.0,0.0,0,313344,174519.91430481285,1846,53233.0,288205.0,80363.36382754995,9794.448597187067,80188.0,91045.0,96812.0,951,7480,14,0,2025-12-23T18:42:52.924789,True,
262144,2,16384,2.0,8000.0,0.256,75,10,1.0,cubic,10.000349382054992,2335128,228.0318767254306,0,0.0,0.0,64240,313344,169635.71333333335,781,51759.0,319656.0,85438.27181208054,31688.257388588714,80063.0,105605.0,274675.0,298,2850,29,0,2025-12-23T18:43:05.698221,True,
262144,2,16384,2.0,8000.0,0.256,75,10,3.0,cubic,10.003177925013006,709024,69.2186278391224,0,0.0,0.0,64240,313344,173388.00329308453,315,49128.0,298826.0,89770.46368715084,33388.70863587848,81751.0,150112.0,294734.0,179,911,27,0,2025-12-23T18:43:18.385088,True,
262144,2,16384,2.0,8000.0,0.256,75,30,0.1,cubic,10.005079191061668,1302704,127.152604262896,0,0.0,0.0,64240,313344,184038.21571906353,581,406.0,174963.0,88030.17037037037,22749.762907365526,88798.0,124142.0,144488.0,270,1794,92,0,2025-12-23T18:43:30.992544,True,
262144,2,16384,2.0,8000.0,0.256,75,30,1.0,cubic,10.024277520016767,865408,84.30782151755376,0,0.0,0.0,64240,313344,181414.54640839386,397,5660.0,201541.0,88076.25757575757,27023.466738839594,85732.0,129724.0,170907.0,198,1239,57,0,2025-12-23T18:43:43.619167,True,
262144,2,16384,2.0,8000.0,0.256,75,30,3.0,cubic,10.12683827104047,593184,57.20257739837317,0,0.0,0.0,64240,313344,179861.30378250591,336,2562.0,376276.0,93958.34838709678,44295.76518455323,88062.0,157608.0,320045.0,155,846,38,0,2025-12-23T18:43:56.302505,True,
262144,2,16384,2.0,8000.0,0.256,150,10,0.1,cubic,10.015862172003835,8777888,855.8580482427906,0,0.0,0.0,64240,313344,160567.58044402456,780,118398.0,179791.0,157890.60416666666,8327.568605116456,158718.0,169959.0,176415.0,912,10585,4,0,2025-12-23T18:44:09.039416,True,
262144,2,16384,2.0,8000.0,0.256,150,10,1.0,cubic,10.22184631798882,1297368,123.94638875271981,0,0.0,0.0,64240,313344,170087.6103202847,374,121345.0,546588.0,160528.075,38907.172502458234,154573.0,196528.0,298078.0,240,1686,19,0,2025-12-23T18:44:22.190573,True,
262144,2,16384,2.0,8000.0,0.256,150,10,3.0,cubic,10.04780370905064,607664,59.05985946615084,0,0.0,0.0,0,313344,171957.57454545455,214,132158.0,716458.0,174588.1693548387,73178.59576414159,155459.0,250043.00000000003,524051.99999999994,124,825,17,0,2025-12-23T18:44:35.266612,True,
262144,2,16384,2.0,8000.0,0.256,150,30,0.1,cubic,10.001353019964881,3930856,383.8207245396763,0,0.0,0.0,64240,313344,170340.15401785713,1002,98794.0,257832.99999999997,171887.97867298577,21284.700545572894,172781.0,203669.0,214631.0,422,4928,25,0,2025-12-23T18:44:48.211094,True,
262144,2,16384,2.0,8000.0,0.256,150,30,1.0,cubic,10.026600428973325,888576,86.54478715363084,0,0.0,0.0,64240,313344,176825.41959798994,345,73625.0,610889.0,178322.70769230768,78744.10241715748,163213.0,268532.0,552975.0,130,1194,34,0,2025-12-23T18:45:01.015902,True,
262144,2,16384,2.0,8000.0,0.256,150,30,3.0,cubic,10.106071565067396,336888,32.55391428625867,0,0.0,0.0,64240,313344,173535.18140589568,166,110819.0,471586.0,177635.8651685393,68167.32162834198,156073.0,289704.0,471586.0,89,441,12,0,2025-12-23T18:45:13.875206,True,
262144,2,16384,5.0,8000.0,0.64,30,10,0.1,cubic,10.004803403979167,14388752,1404.476935489942,0,0.0,0.0,0,313344,159800.7074970649,3469,12730.0,159716.0,39332.74678760393,11775.440778521883,38510.0,49488.0,98724.0,1323,17887,254,0,2025-12-23T18:45:26.736201,True,
262144,2,16384,5.0,8000.0,0.64,30,10,1.0,cubic,10.00397119903937,3829464,373.8226413385822,0,0.0,0.0,64240,313344,178246.63121546962,1530,9.0,137913.0,35285.2724757953,10062.265294485165,35007.0,47644.0,60264.0,723,5068,94,0,2025-12-23T18:45:39.634573,True,
262144,2,16384,5.0,8000.0,0.64,30,10,3.0,cubic,10.001685930066742,1411304,137.79942423075096,0,0.0,0.0,64240,313344,177948.32634408603,690,7415.0,135774.0,36662.93037974684,14341.09254357053,34872.0,58224.0,93816.0,316,1860,75,0,2025-12-23T18:45:52.123052,True,
262144,2,16384,5.0,8000.0,0.64,30,30,0.1,cubic,10.035629648016766,777080,75.6172969824536,0,0.0,0.0,64240,313344,185868.96735273243,749,3.0,141008.0,37205.86397058824,23499.987452903948,36070.0,74574.0,100047.0,272,1409,181,0,2025-12-23T18:46:04.551545,True,
262144,2,16384,5.0,8000.0,0.64,30,30,1.0,cubic,10.02292716410011,732192,71.33956361182415,0,0.0,0.0,64240,313344,184304.3123003195,664,6.0,428046.0,35900.038022813686,40254.09445823551,31194.0,78187.0,100993.0,263,1252,145,0,2025-12-23T18:46:16.907330,True,
262144,2,16384,5.0,8000.0,0.64,30,30,3.0,cubic,10.041531158029102,746672,72.61560647720162,0,0.0,0.0,64240,313344,183795.37179487178,681,8.0,1068708.0,42764.96629213483,67691.5760234753,38142.0,84379.0,117690.0,267,1326,169,0,2025-12-23T18:46:29.386671,True,
262144,2,16384,5.0,8000.0,0.64,75,10,0.1,cubic,10.009168446063995,5668424,553.049970367599,0,0.0,0.0,0,313344,172301.9056249161,1831,60054.0,122587.0,80172.79886685552,7079.365259138232,79962.0,91145.0,95019.0,1059,7449,4,0,2025-12-23T18:46:42.888002,True,
262144,2,16384,5.0,8000.0,0.64,75,10,1.0,cubic,10.046465622959659,1871768,181.94442763260128,0,0.0,0.0,0,313344,171974.3812064013,753,53938.0,328482.0,81616.45454545454,21669.42336315548,78517.0,104263.0,134862.0,407,2437,19,0,2025-12-23T18:46:55.661528,True,
262144,2,16384,5.0,8000.0,0.64,75,10,3.0,cubic,10.043361201998778,803144,78.09340884244098,0,0.0,0.0,64240,313344,173901.8718689788,326,52221.0,276297.0,89014.68047337278,31177.58462475882,80214.0,147906.0,257384.0,169,1038,24,0,2025-12-23T18:47:08.382907,True,
262144,2,16384,5.0,8000.0,0.64,75,30,0.1,cubic,10.084821530035697,1275192,123.48306648670976,0,0.0,0.0,64240,313344,184634.81658767772,655,10.0,308165.0,90474.35825545172,34041.774650349435,89207.0,126443.0,232997.0,321,2110,166,0,2025-12-23T18:47:20.977507,True,
262144,2,16384,5.0,8000.0,0.64,75,30,1.0,cubic,10.003918563947082,1202792,117.41414676576063,0,0.0,0.0,64240,313344,181781.8753101737,456,23662.0,276292.0,92022.5845410628,28789.780477008684,90634.0,127122.00000000001,184940.0,207,1612,48,0,2025-12-23T18:47:33.659415,True,
262144,2,16384,5.0,8000.0,0.64,75,30,3.0,cubic,10.0019618968945,584496,57.0684912504242,0,0.0,0.0,64240,313344,178144.68313253013,333,2719.0,351459.0,95380.96774193548,45962.92490726866,89188.0,164362.0,306828.0,124,830,49,0,2025-12-23T18:47:46.246803,True,
262144,2,16384,5.0,8000.0,0.64,150,10,0.1,cubic,10.001698791980743,5211784,508.876833661579,0,0.0,0.0,64240,313344,154569.87537437605,124,129957.99999999999,674761.0,162441.08139534883,40043.82986519203,159007.0,169711.0,368738.0,344,6010,33,0,2025-12-23T18:47:58.855345,True,
262144,2,16384,5.0,8000.0,0.64,150,10,1.0,cubic,10.0016017339658,2860088,279.2607386089656,0,0.0,0.0,64240,313344,155161.39101449275,234,132410.0,758786.0,214207.2797202797,151738.46120084412,159187.0,683828.0,751073.0,143,3450,88,0,2025-12-23T18:48:11.899518,True,
262144,2,16384,5.0,8000.0,0.64,150,10,3.0,cubic,10.237608606927097,458520,43.73808910774554,0,0.0,0.0,64240,313344,171480.51623376625,182,126074.99999999999,1144491.0,172067.60330578513,94444.7267789739,155213.0,219861.0,392342.0,121,616,13,0,2025-12-23T18:48:24.880621,True,
262144,2,16384,5.0,8000.0,0.64,150,30,0.1,cubic,10.393494104966521,3273432,307.56845630695597,0,0.0,0.0,64240,313344,172552.4341923608,892,92509.0,691165.0,181879.57765667574,66464.72809986048,174043.0,206313.0,634196.0,367,4346,59,0,2025-12-23T18:48:39.016551,True,
262144,2,16384,5.0,8000.0,0.64,150,30,1.0,cubic,10.051489250967279,1603888,155.82734417681155,0,0.0,0.0,0,311904,174089.7171314741,588,111703.0,696094.0,214686.06451612903,130080.08795158702,172262.0,610844.0,661027.0,155,2259,66,0,2025-12-23T18:48:52.357197,True,
262144,2,16384,5.0,8000.0,0.64,150,30,3.0,cubic,10.007485251990147,614904,60.00430401639439,0,0.0,0.0,64240,313344,174871.4771167048,240,90565.0,619682.0,215287.35714285713,119549.06146687453,166425.0,500675.0,619682.0,84,874,43,0,2025-12-23T18:49:05.241491,True,
262144,2,16384,10.0,8000.0,1.28,30,10,0.1,cubic,10.010070825112052,12899776,1258.4763604666089,0,0.0,0.0,64240,313344,162743.15480141924,3037,24.0,169437.0,40485.08009909166,17332.873776544304,37984.0,56261.0,121087.0,1211,17474,873,0,2025-12-23T18:49:18.099805,True,
262144,2,16384,10.0,8000.0,1.28,30,10,1.0,cubic,10.009061491000466,3419712,333.6539098098987,0,0.0,0.0,64240,313344,173523.41838689081,1437,212.0,137959.0,35960.96965098634,13155.181854761868,34697.0,49543.0,104304.0,659,4699,153,0,2025-12-23T18:49:30.993767,True,
262144,2,16384,10.0,8000.0,1.28,30,10,3.0,cubic,10.019504128023982,1622712,158.15949245110258,0,0.0,0.0,64240,313344,178760.0703539823,827,24.0,119812.0,37122.964556962026,13940.778152509205,35435.0,59532.0,99889.0,395,2260,79,0,2025-12-23T18:49:43.492513,True,
262144,2,16384,10.0,8000.0,1.28,30,30,0.1,cubic,10.000472755986266,782872,76.44872959054436,0,0.0,0.0,64240,313344,185991.13319088318,731,6.0,216174.0,40169.24444444444,28974.99087360395,35655.0,88770.0,132325.0,270,1404,175,0,2025-12-23T18:49:56.014025,True,
262144,2,16384,10.0,8000.0,1.28,30,30,1.0,cubic,10.018831472028978,714816,69.67504164022343,0,0.0,0.0,64240,313344,185328.919111816,636,6.0,207599.0,37956.74901960784,25235.987482704237,33747.0,75975.0,102866.0,255,1261,149,0,2025-12-23T18:50:08.419504,True,
262144,2,16384,10.0,8000.0,1.28,30,30,3.0,cubic,10.046208897023462,612008,59.49150257835856,0,0.0,0.0,64240,313344,182952.1533516988,553,6.0,249640.0,45612.28909952607,34249.28079110408,42334.0,104378.0,146872.0,211,1089,152,0,2025-12-23T18:50:20.783676,True,
262144,2,16384,10.0,8000.0,1.28,75,10,0.1,cubic,10.09643235092517,8825064,853.5912749130918,0,0.0,0.0,64240,313344,170618.0636134605,2345,58710.0,276135.0,81808.38022508039,8301.833409792669,81630.0,91570.0,96912.0,1244,11114,11,0,2025-12-23T18:50:33.233961,True,
262144,2,16384,10.0,8000.0,1.28,75,10,1.0,cubic,10.011259846040048,1453296,141.76381362844936,0,0.0,0.0,64240,313344,175485.87268648346,523,53124.0,267991.0,82449.45970149254,21474.39507025636,79412.0,102531.0,191509.0,335,1783,17,0,2025-12-23T18:50:46.188886,True,
262144,2,16384,10.0,8000.0,1.28,75,10,3.0,cubic,10.063469892018475,625040,60.65409163534262,0,0.0,0.0,64240,313344,174069.30847029077,215,56039.0,168280.0,87462.02409638555,20628.43234731745,83280.0,129010.99999999999,162453.0,166,791,15,0,2025-12-23T18:50:58.791501,True,
262144,2,16384,10.0,8000.0,1.28,75,30,0.1,cubic,10.034268832067028,1417096,137.91566038947,0,0.0,0.0,64240,313344,182795.54051114735,540,3220.0,193605.0,87380.96896551724,22069.83017001988,87551.0,118743.0,143762.0,290,1839,45,0,2025-12-23T18:51:11.479407,True,
262144,2,16384,10.0,8000.0,1.28,75,30,1.0,cubic,10.031485948944464,1577824,153.60074846759179,0,0.0,0.0,64240,313344,178648.1604020979,629,1036.0,306866.0,92083.89230769231,27497.666288739194,88997.0,133568.0,162665.0,260,2288,114,0,2025-12-23T18:51:24.011412,True,
262144,2,16384,10.0,8000.0,1.28,75,30,3.0,cubic,10.022097503999248,617800,60.1990064713748,0,0.0,0.0,64240,313344,179958.22808988765,355,11383.0,387931.0,94544.20238095238,50606.272204140056,84992.0,173727.0,336990.0,168,890,46,0,2025-12-23T18:51:36.680965,True,
262144,2,16384,10.0,8000.0,1.28,150,10,0.1,cubic,10.530608435976319,6946296,644.1690647546221,0,0.0,0.0,64240,313344,153653.9898349677,318,124744.0,583088.0,162598.9636752137,37334.1698361065,159861.0,172926.0,323304.0,468,8362,85,0,2025-12-23T18:51:49.213526,True,
262144,2,16384,10.0,8000.0,1.28,150,10,1.0,cubic,10.081915301037952,933464,90.41793253372705,0,0.0,0.0,0,313344,174355.6783161239,348,135145.0,347764.0,157690.97685185185,20644.478227182502,154010.0,187492.0,209691.0,216,1259,11,0,2025-12-23T18:52:02.854323,True,
262144,2,16384,10.0,8000.0,1.28,150,10,3.0,cubic,10.240294544026256,817624,77.97245812287572,0,0.0,0.0,64240,313344,172105.20787545788,261,133010.0,590103.0,182430.43373493975,73046.22034723421,159912.0,339560.0,590103.0,83,1092,31,0,2025-12-23T18:52:15.809655,True,
262144,2,16384,10.0,8000.0,1.28,150,30,0.1,cubic,10.40952921193093,4709440,441.81272816149675,0,0.0,0.0,64240,313344,168173.6312967176,1115,89244.0,622648.0,181501.55555555556,55132.453266700715,176096.0,211897.0,580543.0,405,6154,98,0,2025-12-23T18:52:28.931632,True,
262144,2,16384,10.0,8000.0,1.28,150,30,1.0,cubic,10.030155883985572,2011416,195.83678062633246,0,0.0,0.0,64240,311904,164592.89674315322,575,3470.0,668976.0,222379.15596330276,134634.55847870372,174801.0,610735.0,663042.0,109,2702,91,0,2025-12-23T18:52:42.228201,True,
262144,2,16384,10.0,8000.0,1.28,150,30,3.0,cubic,10.011651573004201,215256,20.99662937400067,0,0.0,0.0,0,313344,174163.30088495577,115,87995.0,627733.0,180776.6,77214.55235951317,163679.0,288242.0,627733.0,75,339,16,0,2025-12-23T18:52:55.130693,True,
262144,5,16384,2.0,3200.0,0.64,30,10,0.1,cubic,10.007791740936227,8886336,867.1306042973441,0,0.0,0.0,64240,313344,172419.97100544206,2608,878.0,112631.0,36495.298342541435,7770.476367614657,36228.0,47429.0,53763.0,1267,11209,92,0,2025-12-23T18:53:08.044260,True,
262144,5,16384,2.0,3200.0,0.64,30,10,1.0,cubic,10.016916397958994,2969352,289.48607508502744,0,0.0,0.0,64240,313344,174865.740237691,1244,8202.0,129208.99999999999,37003.20071684588,14983.281028501988,34944.0,57921.0,111482.0,558,4123,208,0,2025-12-23T18:53:20.770869,True,
262144,5,16384,2.0,3200.0,0.64,30,10,3.0,cubic,10.011151137994602,1488048,145.15532279648454,0,0.0,0.0,64240,313344,175636.7324016563,697,479.0,86467.0,36308.392857142855,12345.869807751456,35031.0,61974.0,72210.0,336,1932,79,0,2025-12-23T18:53:33.300654,True,
262144,5,16384,2.0,3200.0,0.64,30,30,0.1,cubic,10.039234546944499,800248,77.84380211914183,0,0.0,0.0,64240,313344,186202.88288920055,691,6.0,156193.0,37019.635416666664,25530.34275205129,34759.0,84347.0,108799.0,288,1426,168,0,2025-12-23T18:53:45.737966,True,
262144,5,16384,2.0,3200.0,0.64,30,30,1.0,cubic,10.028801923966967,772736,75.24577768323323,0,0.0,0.0,64240,313344,185354.3709327549,701,9.0,125595.00000000001,38428.78277153558,23903.139449313687,37049.0,81217.0,104520.0,267,1383,176,0,2025-12-23T18:53:58.288762,True,
262144,5,16384,2.0,3200.0,0.64,30,30,3.0,cubic,10.003144328016788,558432,54.51723299369002,0,0.0,0.0,64240,313344,183447.94979508198,546,6.0,208468.0,39058.84862385321,28056.914415576008,35727.0,81070.0,143024.0,218,976,123,0,2025-12-23T18:54:10.729512,True,
262144,5,16384,2.0,3200.0,0.64,75,10,0.1,cubic,10.246797214029357,5665960,539.9896130397011,0,0.0,0.0,64240,313344,165565.02060244387,1636,56390.0,342281.0,82579.53120665743,23909.466045578498,80088.0,94206.0,158519.0,721,7038,68,0,2025-12-23T18:54:23.166677,True,
262144,5,16384,2.0,3200.0,0.64,75,10,1.0,cubic,10.006074113072827,3179888,310.34742896246206,0,0.0,0.0,64240,313344,166642.11798310978,1064,53546.0,351544.0,84178.21391752578,28869.766724997724,80042.0,104422.0,269185.0,388,4026,56,0,2025-12-23T18:54:36.159584,True,
262144,5,16384,2.0,3200.0,0.64,75,10,3.0,cubic,10.01902941300068,1388720,135.3596061151625,0,0.0,0.0,64240,313344,161466.01063829788,461,52125.0,360178.0,94867.65697674418,50343.75628412252,80083.0,192164.0,340773.0,172,1786,60,0,2025-12-23T18:54:48.817943,True,
262144,5,16384,2.0,3200.0,0.64,75,30,0.1,cubic,10.045650723972358,1640088,159.43700229173996,0,0.0,0.0,64240,313344,176771.1755287009,838,6.0,432668.0,94090.38554216867,52813.07913099879,90279.0,162161.0,367130.0,249,3310,567,0,2025-12-23T18:55:01.398289,True,
262144,5,16384,2.0,3200.0,0.64,75,30,1.0,cubic,10.004807619028725,865408,84.47188913384078,0,0.0,0.0,64240,313344,183546.08567096284,481,12.0,267505.0,81901.7085020243,31514.240957535432,82327.0,122433.0,193978.0,247,1319,80,0,2025-12-23T18:55:14.027472,True,
262144,5,16384,2.0,3200.0,0.64,75,30,3.0,cubic,10.001770826987922,668480,65.26969186681488,0,0.0,0.0,64240,313344,179319.70850622407,376,16.0,1115693.0,93457.4171779141,86330.29969843892,81717.0,142111.0,245820.0,163,964,49,0,2025-12-23T18:55:26.684067,True,
262144,5,16384,2.0,3200.0,0.64,150,10,0.1,cubic,10.000631773029454,7680384,749.9901176471313,0,0.0,0.0,64240,313344,156855.20422535212,664,123231.0,352179.0,158450.05102040817,12894.019464437455,158218.0,171512.0,177775.0,686,9230,16,0,2025-12-23T18:55:40.305575,True,
262144,5,16384,2.0,3200.0,0.64,150,10,1.0,cubic,10.109504443011247,1308496,126.39869067799553,0,0.0,0.0,64240,313344,170678.4222751638,330,127428.99999999999,490931.0,160020.94634146342,32279.641002961103,155799.0,196988.0,258272.99999999997,205,1679,13,0,2025-12-23T18:55:53.301800,True,
262144,5,16384,2.0,3200.0,0.64,150,10,3.0,cubic,10.332513617002405,585944,55.37964513866334,0,0.0,0.0,64240,313344,172784.43694267515,183,133310.0,546427.0,192446.35483870967,92825.60178510324,159379.0,480006.0,546427.0,93,785,20,0,2025-12-23T18:56:06.288734,True,
262144,5,16384,2.0,3200.0,0.64,150,30,0.1,cubic,10.012555328081362,4114040,401.25792625905706,0,0.0,0.0,0,313344,162653.512455516,946,65807.0,733874.0,180391.26141078837,54195.18970388007,176512.0,218509.0,413027.0,241,5339,97,0,2025-12-23T18:56:19.511529,True,
262144,5,16384,2.0,3200.0,0.64,150,30,1.0,cubic,10.028297359938733,1097088,106.83518463263293,0,0.0,0.0,64240,313344,175086.0679219906,436,101219.0,666675.0,183755.9696969697,86441.16756131142,169996.0,225743.0,666675.0,99,1487,34,0,2025-12-23T18:56:32.487174,True,
262144,5,16384,2.0,3200.0,0.64,150,30,3.0,cubic,10.01523061899934,322408,31.437275333701507,0,0.0,0.0,64240,313344,176244.46,146,90402.0,296782.0,167331.5,38043.36225940078,163534.0,247228.0,296782.0,88,450,19,0,2025-12-23T18:56:45.427461,True,
262144,5,16384,5.0,3200.0,1.6,30,10,0.1,cubic,10.01308122894261,9042264,881.8799863498651,0,0.0,0.0,64240,313344,172535.26460869567,2517,16268.000000000002,142052.0,36926.107741420594,8883.111760135667,36638.0,46839.0,52772.0,1253,11500,117,0,2025-12-23T18:56:58.259475,True,
262144,5,16384,5.0,3200.0,1.6,30,10,1.0,cubic,10.017220524023287,2595768,253.05719100630105,0,0.0,0.0,64240,313344,179879.70367000304,1086,8220.0,114874.0,35046.8802698145,10335.674134211029,34057.0,49423.0,69001.0,593,3297,58,0,2025-12-23T18:57:10.939353,True,
262144,5,16384,5.0,3200.0,1.6,30,10,3.0,cubic,10.008464861894026,1311392,127.9573109034871,0,0.0,0.0,64240,313344,178158.93728813558,701,1713.0,176331.0,38501.170028818444,19803.190329311306,34735.0,68898.0,129904.99999999999,347,1770,91,0,2025-12-23T18:57:23.400201,True,
262144,5,16384,5.0,3200.0,1.6,30,30,0.1,cubic,10.012996812001802,745224,72.6813187064729,0,0.0,0.0,64240,313344,185659.95170876672,672,7.0,105423.0,36390.22093023256,23129.66398660734,35357.0,71741.0,101945.0,258,1346,166,0,2025-12-23T18:57:35.814579,True,
262144,5,16384,5.0,3200.0,1.6,30,30,1.0,cubic,10.06754333700519,703232,68.2142581374066,0,0.0,0.0,64240,313344,184966.24009700888,649,9.0,125875.99999999999,36859.506493506495,24746.704719169178,37170.0,80309.0,115040.0,231,1237,152,0,2025-12-23T18:57:48.179050,True,
262144,5,16384,5.0,3200.0,1.6,30,30,3.0,cubic,10.002108489978127,639520,62.43995959709549,0,0.0,0.0,64240,313344,183771.83569641368,627,4.0,354405.0,40740.7899543379,39099.36197568514,35312.0,97687.0,165145.0,219,1199,178,0,2025-12-23T18:58:00.621488,True,
262144,5,16384,5.0,3200.0,1.6,75,10,0.1,cubic,10.004982115002349,3251712,317.3918717194283,0,0.0,0.0,64240,313344,175337.03679962014,1224,55365.0,270111.0,81737.58757961783,18308.467123207378,79824.0,93398.0,120995.0,628,4212,26,0,2025-12-23T18:58:13.016853,True,
262144,5,16384,5.0,3200.0,1.6,75,10,1.0,cubic,10.029888733057305,3534760,344.1627474014649,0,0.0,0.0,64240,313344,159123.87115165335,963,3870.0,309385.0,88210.39233038347,34249.80810233346,82217.0,122285.0,277301.0,339,4385,101,0,2025-12-23T18:58:25.678207,True,
262144,5,16384,5.0,3200.0,1.6,75,10,3.0,cubic,10.018918437999673,1693976,165.1149720139137,0,0.0,0.0,64240,313344,163289.25595238095,581,56295.0,388339.0,116971.92485549134,81849.07925294607,83629.0,340294.0,386567.0,173,2184,60,0,2025-12-23T18:58:38.461874,True,
262144,5,16384,5.0,3200.0,1.6,75,30,0.1,cubic,10.037755666067824,1729864,168.29661616596928,0,0.0,0.0,64240,313344,182435.15757575756,637,5384.0,317093.0,93588.25696594427,29533.481090414476,93130.0,130549.0,204357.0,323,2475,92,0,2025-12-23T18:58:51.071400,True,
262144,5,16384,5.0,3200.0,1.6,75,30,1.0,cubic,10.003576039918698,1182520,115.43918723582625,0,0.0,0.0,64240,313344,182036.1380952381,637,142.0,1088731.0,102405.73818181817,81312.84383356888,88826.0,225484.0,410008.0,275,2310,390,0,2025-12-23T18:59:03.642076,True,
262144,5,16384,5.0,3200.0,1.6,75,30,3.0,cubic,10.0446405679686,779976,75.83101728188997,0,0.0,0.0,64240,313344,175632.64076858814,394,14649.0,327787.0,100290.38513513513,53289.543459056236,94214.0,205929.0,318398.0,148,1197,77,0,2025-12-23T18:59:17.257528,True,
262144,5,16384,5.0,3200.0,1.6,150,10,0.1,cubic,10.208502793917432,4769976,456.30390484640895,0,0.0,0.0,64240,313344,158313.955566905,372,129410.0,332814.0,159020.1352657005,15053.591500657234,158442.0,173565.0,194291.0,414,5874,34,0,2025-12-23T18:59:29.724571,True,
262144,5,16384,5.0,3200.0,1.6,150,10,1.0,cubic,10.028706749086268,1812400,176.4855548459686,0,0.0,0.0,64240,313344,166930.29817708334,589,132747.0,567412.0,166389.41025641025,56240.55488443026,155635.0,194793.0,537602.0,195,2304,48,0,2025-12-23T18:59:43.000599,True,
262144,5,16384,5.0,3200.0,1.6,150,10,3.0,cubic,10.328950211056508,369200,34.90643943796502,0,0.0,0.0,64240,313344,173893.22156862746,124,133328.0,662551.0,177500.2159090909,73413.53078629445,155866.0,308240.0,662551.0,88,510,13,0,2025-12-23T18:59:55.974046,True,
262144,5,16384,5.0,3200.0,1.6,150,30,0.1,cubic,10.017523073009215,2520472,245.70928557498274,0,0.0,0.0,64240,311904,174179.17084352078,812,100402.0,647462.0,176778.85294117648,59900.64519496005,170858.0,207899.0,603775.0,306,3272,31,0,2025-12-23T19:00:09.154505,True,
262144,5,16384,5.0,3200.0,1.6,150,30,1.0,cubic,10.032829670002684,703232,68.4502799896349,0,0.0,0.0,0,313344,175440.6474609375,308,63598.0,660276.0,209721.6,114118.84315472767,171995.0,533592.0,569600.0,120,1024,31,0,2025-12-23T19:00:21.978073,True,
262144,5,16384,5.0,3200.0,1.6,150,30,3.0,cubic,10.106469196965918,342680,33.11229975355443,0,0.0,0.0,64240,313344,174936.68089430896,147,108808.0,410875.0,173098.1683168317,40322.428100035846,168237.0,237933.0,320867.0,101,492,12,0,2025-12-23T19:00:34.837588,True,
262144,5,16384,10.0,3200.0,3.2,30,10,0.1,cubic,10.002957926946692,11130120,1086.6043716148806,0,0.0,0.0,64240,313344,167137.7363292204,3135,374.0,118588.0,37625.25151515152,7797.854285795401,37677.0,47844.0,53237.0,1320,14264,205,0,2025-12-23T19:00:47.812594,True,
262144,5,16384,10.0,3200.0,3.2,30,10,1.0,cubic,10.000133691937663,3437056,335.64551269010406,0,0.0,0.0,64240,313344,174831.81731784582,1377,10.0,133534.0,37871.619512195124,16916.304267380958,34922.0,72465.0,115345.0,615,4735,202,0,2025-12-23T19:01:00.573840,True,
262144,5,16384,10.0,3200.0,3.2,30,10,3.0,cubic,10.011149649042636,1450400,141.48287655808346,0,0.0,0.0,64240,313344,176615.78013450594,745,475.0,105743.0,36373.69250645995,12697.15068673986,35375.0,58155.0,84966.0,387,1933,59,0,2025-12-23T19:01:13.086418,True,
262144,5,16384,10.0,3200.0,3.2,30,30,0.1,cubic,10.01740292494651,743776,72.50818954193943,0,0.0,0.0,64240,313344,185599.19683257918,684,1.0,156037.0,36810.98901098901,26358.948004721853,33503.0,83533.0,112949.0,273,1326,160,0,2025-12-23T19:01:25.492665,True,
262144,5,16384,10.0,3200.0,3.2,30,30,1.0,cubic,10.003860492026433,712872,69.58954126308308,0,0.0,0.0,64240,313344,184705.85907643312,665,6.0,169291.0,41082.72075471698,28350.937213840993,38244.0,89998.0,136559.0,265,1256,151,0,2025-12-23T19:01:37.903400,True,
262144,5,16384,10.0,3200.0,3.2,30,30,3.0,cubic,10.006373172975145,632280,61.706766960042664,0,0.0,0.0,64240,313344,183239.67914893618,604,7.0,165337.0,41727.74485596708,28229.27064318192,40972.0,91427.0,126900.00000000001,243,1175,159,0,2025-12-23T19:01:50.427356,True,
262144,5,16384,10.0,3200.0,3.2,75,10,0.1,cubic,10.045365234022029,5466160,531.3940061552862,0,0.0,0.0,64240,313344,170399.89823331873,1658,58894.0,295324.0,82154.1525198939,17327.146657592355,81046.0,92239.0,106055.0,754,6849,57,0,2025-12-23T19:02:02.892445,True,
262144,5,16384,10.0,3200.0,3.2,75,10,1.0,cubic,10.006857327069156,1651672,161.18556353719993,0,0.0,0.0,64240,313344,170445.00704887218,607,52612.0,310539.0,84803.92429022082,29618.367787221596,78985.0,121905.0,239953.0,317,2128,34,0,2025-12-23T19:02:15.681470,True,
262144,5,16384,10.0,3200.0,3.2,75,10,3.0,cubic,10.064246824011207,755360,73.29472964038453,0,0.0,0.0,64240,313344,173073.68246445496,297,59339.0,1121963.0,123647.57024793388,109019.72354319721,85544.0,249236.0,371190.0,121,1055,43,0,2025-12-23T19:02:28.247861,True,
262144,5,16384,10.0,3200.0,3.2,75,30,0.1,cubic,10.014180921949446,3539864,345.20031787353116,0,0.0,0.0,64240,313344,175310.67822849305,1167,985.0,282459.0,100493.55211267606,28317.41258729041,99129.0,131493.0,250060.99999999997,355,5103,252,0,2025-12-23T19:02:41.880475,True,
262144,5,16384,10.0,3200.0,3.2,75,30,1.0,cubic,10.044388693990186,1357728,132.00467349429871,0,0.0,0.0,64240,313344,181577.05224248397,615,15615.0,280845.0,99517.90188679245,42020.56662112239,94634.0,202277.0,269483.0,265,2029,95,0,2025-12-23T19:02:54.449791,True,
262144,5,16384,10.0,3200.0,3.2,75,30,3.0,cubic,10.143769489019178,997176,96.00027766346248,0,0.0,0.0,64240,313344,177854.01323251417,461,314.0,355558.0,104501.75147928995,52122.536891987336,91760.0,231214.0,287688.0,169,1587,159,0,2025-12-23T19:03:06.979436,True,
262144,5,16384,10.0,3200.0,3.2,150,10,0.1,cubic,10.002999849035405,6967056,680.1725210118934,0,0.0,0.0,64240,313344,159429.10636495645,575,128054.0,255861.99999999997,158073.73211314477,10215.41048665034,158243.0,169942.0,176408.0,601,8264,8,0,2025-12-23T19:03:19.612594,True,
262144,5,16384,10.0,3200.0,3.2,150,10,1.0,cubic,10.050974066951312,1793688,174.2764856253693,0,0.0,0.0,64240,313344,162324.91781450872,322,123083.0,686475.0,195331.00729927007,118020.79719279075,157805.0,565420.0,666648.0,137,2178,31,0,2025-12-23T19:03:32.693986,True,
262144,5,16384,10.0,3200.0,3.2,150,10,3.0,cubic,10.027268376084976,1073920,104.5898005982634,0,0.0,0.0,64240,313344,162343.86366985997,238,129664.0,1163710.0,204492.30681818182,137707.4806557494,157681.0,436487.0,1163710.0,88,1357,31,0,2025-12-23T19:03:45.653988,True,
262144,5,16384,10.0,3200.0,3.2,150,30,0.1,cubic,10.00021680095233,4051496,395.645328621597,0,0.0,0.0,64240,313344,166056.05808741128,897,112841.0,647135.0,185954.86102719035,69615.42104370604,176408.0,214917.0,611446.0,331,5354,107,0,2025-12-23T19:03:59.592309,True,
262144,5,16384,10.0,3200.0,3.2,150,30,1.0,cubic,10.002327101072297,1758824,171.72019522495572,0,0.0,0.0,64240,313344,170422.80932022232,589,93423.0,576226.0,185576.6984126984,71034.0743421015,171208.0,248303.0,560593.0,126,2339,44,0,2025-12-23T19:04:12.552873,True,
262144,5,16384,10.0,3200.0,3.2,150,30,3.0,cubic,10.145836554002017,806496,77.62728541978476,0,0.0,0.0,64240,313344,175366.05585106384,351,103019.0,553045.0,187038.5132743363,79522.71794436275,166707.0,383948.0,512607.00000000006,113,1128,28,0,2025-12-23T19:04:25.506349,True,
